startDate,endDate,MWStd,MW,MSP,THRTEMP,YRHRPRS,RRHRPRS,YRHRTEMPT,RRHRTEMPT,MWD2,HHA11,HHA31,HHA51,HHA71,HHA81,HNA01A,HNA01B,HNA02A,HNA02B,LAE11,LAE12,LAE13,LAE14,LAE21,LAE22,LAE23,LAE24,TOTALCOAL,TAF,O2,FWFLOW,A09M210SHH
2016-03-01 00:00:00,2016-03-01 04:10:00,16.93609798817679,796.5392868525895,26.222464940239046,599.2895776892431,7.9611828685258965,2.5970065338645414,591.3120677290838,591.5501832669323,796.5761314741036,85,85,85,85,85,100,100,81,81,43.2233,17.1192,20.6326,77.4795,42.1162,74.2925,56.6955,71.2999,296.0718,2878.2797,3.4985,1974.8469,2856.002
2016-03-01 04:23:00,2016-03-01 04:55:00,5.1135487865003455,775.2006666666667,25.386830303030305,600.2769090909092,7.9304,2.33364,591.0082727272728,589.5835454545455,774.8726060606061,85,85,85,85,85,100,100,81,81,16.1487,2.9785,8.856,35.6051,16.9229,44.7645,32.5193,42.3669,286.4878,2727.4444,3.372,1906.9836,2762.2114
2016-03-02 11:42:00,2016-03-02 12:35:00,9.765483480698595,842.6534074074075,27.924290740740744,596.489851851852,8.89948611111111,2.534536481481482,596.5529074074074,593.2134814814815,839.7755185185187,80,80,80,80,80,100,100,75,75,8.525,26.8558,18.5982,0.1766,4.2031,4.1571,4.6342,4.2153,317.8403,2847.4828,4.4269,2191.3971,2693.417
2016-03-03 00:17:00,2016-03-03 05:51:00,16.652071779417824,832.3666597014926,27.353534029850746,597.381447761194,8.883861343283579,2.546038865671642,593.9966179104478,593.1005104477612,832.3413791044775,80,80,80,80,80,100,100,70,70,8.8441,2.3818,1.5902,79.3703,13.2911,31.0553,9.5426,31.0153,322.1377,3079.7004,3.295,2175.2784,2807.8824
2016-03-03 08:14:00,2016-03-03 08:23:00,1.493484971467746,859.8727999999999,28.724059999999998,593.6493,9.01557,2.58165,589.4424999999999,595.2557999999999,859.1034000000002,85,85,85,85,85,100,100,66,66,0.6624,2.5946,0.1099,67.4359,0.0,25.058,3.4432,22.5855,290.6836,2810.1685,3.0362,2067.81,2490.104
2016-03-03 23:19:00,2016-03-04 06:11:00,21.920129406493384,809.5692760290557,26.66316343825666,598.1008498789346,8.66728789346247,2.7724390556900724,596.6647530266343,596.3346852300242,809.1597215496369,90,90,90,90,90,100,100,77,77,1.0894,2.7343,0.3414,37.5272,27.609,53.3422,31.4701,51.0639,305.391,2997.4412,3.3472,2085.3477,2831.5967
2016-03-04 08:14:00,2016-03-04 09:24:00,5.029577022217282,845.5241408450703,27.918102816901413,596.1629999999999,9.068219999999998,2.296249999999999,597.2710985915494,598.2798169014085,844.7841126760562,90,90,90,90,90,100,100,66,66,0.758,2.1806,0.1442,61.3644,15.7604,44.1616,19.07,41.3193,315.561,3060.6105,3.1982,2172.1894,2777.6008
2016-03-04 12:09:00,2016-03-04 13:04:00,22.82120415636922,809.4536785714287,26.440333928571427,590.620107142857,7.939680357142856,2.7976199999999998,590.9971607142858,590.2421071428572,809.6913571428571,85,85,85,85,85,100,100,66,66,1.1616,3.5158,0.52,29.7025,1.6541,4.3885,5.6967,4.2135,315.7885,2965.1256,2.9407,2123.8644,2711.2026
2016-03-04 17:01:00,2016-03-05 03:59:00,20.0518579428664,814.83331107739,26.773885280728376,599.7801942336874,8.392090561456753,2.3944376631259483,597.6778558421852,597.247971168437,814.6879863429438,85,85,85,85,85,100,100,72,72,34.6297,5.0055,5.2357,60.1649,50.9322,70.1302,54.8493,67.8886,307.9312,3019.7025,3.3325,2058.9458,2856.0691
2016-03-05 06:14:00,2016-03-05 06:23:00,0.6408925026866713,862.2710000000001,28.11968,596.0753000000001,8.454669999999998,2.41835,597.8093,602.3444999999999,862.637,85,85,85,85,85,94,93,72,72,2.7473,2.5488,1.0027,76.8987,56.4835,65.8455,60.8639,63.8584,298.421,2851.894,2.9232,1957.6405,2547.278
2016-03-05 07:59:00,2016-03-05 09:46:00,23.79501316348905,797.4951111111111,26.463637962962963,597.9629537037038,8.556926666666664,2.6442299999999994,592.1125462962964,593.1126851851851,797.3544259259259,85,85,85,85,85,100,100,68,68,14.4573,5.068,8.3988,66.4298,20.3543,32.6477,23.9424,32.796,296.4805,2915.0066,3.3771,2043.368,2807.4535
2016-03-05 09:48:00,2016-03-05 10:53:00,6.892478499623238,782.3903636363636,25.826596969696972,599.7679393939394,8.223439999999998,2.64423,593.1528636363637,591.2423939393939,782.0874848484848,85,85,85,85,85,100,100,72,72,14.3028,3.4799,10.7148,71.0091,18.808,22.3032,23.7221,24.6665,290.0552,2850.9893,3.3791,1993.6587,2789.5164
2016-03-05 12:29:00,2016-03-05 15:13:00,11.252650404358887,789.9071030303031,26.047151515151512,598.8302606060606,8.246473757575755,2.4644636363636354,591.9528424242425,591.9316484848484,789.8037333333334,85,85,85,85,85,100,100,88,88,18.4789,6.3862,16.7732,50.4168,10.5536,30.891,15.9139,32.1506,297.7802,2972.9527,3.2921,2032.1279,2815.4142
2016-03-05 15:15:00,2016-03-05 16:56:00,9.074358978041412,789.8739803921569,26.07315784313726,598.8274803921569,8.408879999999995,2.4030799999999988,593.7853137254901,593.4618725490196,789.7266764705884,85,85,85,85,85,100,100,100,100,6.1325,9.7034,14.4258,69.6231,13.7702,42.0312,19.1078,42.7473,297.9153,3008.2897,3.3426,2011.6252,2808.1849
2016-03-05 18:03:00,2016-03-05 18:58:00,5.372714374474147,774.2134821428572,25.387016071428572,597.2826785714285,8.408879999999998,2.4030799999999997,591.6690178571428,592.902982142857,774.3982500000001,85,85,85,85,85,100,100,100,100,2.5358,2.9282,6.1039,70.9418,1.8473,31.7989,13.4648,32.3609,295.7181,2964.5655,3.4979,1973.2122,2771.4472
2016-03-05 20:58:00,2016-03-05 21:48:00,22.449006087743996,838.0664705882355,27.23596862745098,600.3249411764705,8.386529999999999,2.2184100000000004,596.5800784313725,600.3050784313725,838.2673529411765,85,85,85,85,85,100,100,100,100,45.3782,12.9803,38.3383,92.4753,17.5956,59.8183,29.3322,59.5567,320.5841,3074.4894,3.2811,2100.2667,2759.2567
2016-03-05 21:50:00,2016-03-06 02:14:00,21.443496617960225,804.2726075471699,26.521543396226413,598.6720301886792,8.715775433962262,2.2317251698113205,593.2798679245284,594.6063547169812,804.0334943396227,85,85,85,85,85,100,100,76,76,17.7952,8.0799,28.9038,80.3015,22.1015,56.9781,32.7065,56.9875,305.0737,2981.4018,3.5704,2045.2908,2828.6575
2016-03-06 02:46:00,2016-03-06 02:56:00,1.4773682262838532,767.4918181818182,25.20812727272727,598.6649090909091,8.14103,2.3221899999999995,591.255,590.8568181818181,767.6787272727273,85,85,85,85,85,100,100,84,84,1.0517,2.2505,27.5086,67.2633,30.5445,48.9538,41.3253,48.729,269.209,2564.6032,3.3534,1774.4891,2599.7227
2016-03-06 05:13:00,2016-03-06 05:25:00,3.0720629616328865,770.911923076923,25.030530769230772,597.551076923077,8.14103,2.3221899999999995,590.7147692307692,591.5876923076924,770.3923846153846,85,85,85,85,85,100,100,92,92,0.8101,2.2565,22.9689,62.7407,44.4961,76.0402,54.5928,76.9794,276.3062,2596.6585,3.2796,1795.0577,2644.6192
2016-03-06 08:16:00,2016-03-06 08:22:00,3.0665633493391233,770.9402857142858,25.513685714285714,601.3014285714286,8.05861,2.3160899999999995,592.6104285714284,591.0237142857143,770.3547142857143,85,85,85,85,85,100,100,70,70,0.7413,12.7943,31.1225,78.2575,66.7059,84.3668,76.0291,84.8422,247.8927,2284.1057,2.7081,1645.6621,2463.5571
2016-03-06 10:22:00,2016-03-06 10:51:00,5.3579860861044475,774.7906333333335,25.543333333333333,601.7978666666666,8.058609999999996,2.3160900000000004,593.4766666666667,594.9044333333333,774.6085333333334,85,85,85,85,85,90,90,80,80,30.2574,3.5022,32.152,94.9899,46.1101,75.0132,56.4489,76.0084,282.1015,2692.496,3.3716,1869.8583,2774.8788
2016-03-06 16:05:00,2016-03-06 16:58:00,7.4907747683153305,784.8533333333334,25.907607407407408,603.2239629629629,7.7586999999999975,2.218410000000001,596.7688148148148,597.7902777777779,784.5827037037037,90,90,90,90,90,100,100,75,75,14.8713,14.4366,27.8304,92.5304,74.0882,99.133,82.9643,98.0821,292.134,2785.6394,3.2969,1898.412,2829.5741
2016-03-06 21:03:00,2016-03-06 22:32:00,21.1550989740325,810.5175666666668,26.718094444444443,604.4320444444444,8.47399888888889,2.1451500000000006,597.7601222222223,599.0461444444444,810.307211111111,90,90,90,90,90,100,100,100,100,44.2094,34.3081,33.6104,89.6761,84.1629,99.5411,91.6601,99.4055,298.0246,2952.4946,3.2939,1963.7338,2867.1656
2016-03-07 00:32:00,2016-03-07 00:43:00,4.332479204284243,771.7356666666666,25.265583333333336,602.0450833333334,7.58471,2.1451500000000006,593.3855833333333,593.2539166666667,771.1835000000001,85,85,85,85,85,72,72,100,100,8.2596,3.9097,21.1131,90.7281,52.6964,91.0641,66.9032,92.0077,261.05,2581.7696,2.8771,1760.6925,2652.9796
2016-03-07 00:53:00,2016-03-07 01:06:00,5.236145374963833,776.1405714285713,25.398592857142855,602.4887857142859,7.58471,2.1451500000000006,593.0538571428572,594.0269999999999,775.2880000000001,85,85,85,85,85,72,72,100,100,11.3706,2.0583,30.8194,40.9319,29.7096,69.4423,44.3354,77.5859,266.687,2658.7764,3.186,1814.6989,2662.1436
2016-03-07 01:08:00,2016-03-07 01:16:00,1.8502000492439064,768.7376666666667,25.419911111111112,602.8756666666667,7.584709999999999,2.14515,593.2754444444444,594.3453333333334,766.9287777777778,85,85,85,85,85,72,72,100,100,34.3644,2.4284,39.5944,62.0065,32.655,60.1445,46.7542,67.9996,250.1452,2514.5656,3.0958,1699.0133,2562.5472
2016-03-07 16:56:00,2016-03-07 20:06:00,17.780904182486832,801.8017539267015,26.507483246073306,596.2737068062827,8.520546282722515,2.6793299999999993,593.9201989528796,589.0831413612565,801.8754607329843,85,85,85,50,50,100,100,74,74,3.5813,41.7867,42.2484,43.3958,66.1279,69.9672,80.2606,76.1465,292.5592,2880.4968,3.8042,1990.3729,2810.4011
2016-03-07 21:01:00,2016-03-07 22:39:00,22.38602362451116,811.0539999999999,26.57797979797979,596.7770202020203,8.333333333333334,2.5938600000000003,593.0825454545455,589.785595959596,810.9089797979798,85,85,85,50,50,80,80,100,100,10.8873,41.5153,41.7814,26.3567,49.4786,61.4932,69.8086,70.0867,297.8116,2878.0018,4.0067,2000.7929,2787.2057
2016-03-08 06:33:00,2016-03-08 09:33:00,20.65716443303581,806.5388011049724,26.456452486187843,599.2331104972376,8.03279187845304,2.05052,590.1264475138122,587.5938895027624,806.6601049723756,75,75,75,60,60,60,60,100,100,11.9147,19.6016,29.2691,33.1073,33.7215,50.8268,46.4291,56.5558,294.7408,2813.9642,3.5006,2031.4936,2824.8859
2016-03-09 00:07:00,2016-03-09 00:51:00,6.334973192923687,777.5695777777777,25.68606222222222,601.2736000000001,7.880495111111112,2.733739111111112,593.4349333333332,592.949911111111,777.1395777777778,80,80,80,80,80,100,100,88,88,6.6673,0.9931,0.4748,77.7893,4.7388,37.7893,4.0191,46.0107,276.9942,2840.0053,3.1427,1930.4793,2788.3659
2016-03-09 00:53:00,2016-03-09 01:06:00,3.351586977135777,776.6301428571429,26.035257142857144,603.2406428571429,7.9098000000000015,2.3191400000000004,594.8097142857143,594.8297142857142,775.5641428571429,80,80,80,80,80,100,100,88,88,59.3886,2.2022,2.0877,90.4697,48.4498,89.1025,55.1347,91.2722,256.0358,2680.9857,3.0444,1765.945,2701.1054
2016-03-09 01:12:00,2016-03-09 01:20:00,3.3297498441611584,771.8785555555555,25.562366666666666,602.4330000000001,7.9098,2.31914,593.4074444444445,593.47,771.9804444444445,80,80,80,80,80,100,100,88,88,3.1441,1.6823,0.134,84.4424,54.3752,89.5335,60.8228,88.9232,244.6195,2553.4872,2.9866,1688.825,2593.2672
2016-03-09 07:47:00,2016-03-09 07:59:00,12.482030095372089,844.376076923077,28.53855384615385,604.7225384615384,8.9011,2.59692,600.6875384615386,603.1642307692308,842.7039230769229,90,90,90,90,90,100,100,80,80,3.3765,4.3463,0.1691,72.5181,10.7072,18.8927,15.387,19.4233,299.3133,2838.5504,2.9972,1972.8296,2610.7946
2016-03-09 08:01:00,2016-03-09 08:27:00,6.833648786656293,781.1099629629631,26.265092592592595,601.8679629629629,8.52971111111111,2.59692,598.0506666666666,598.7343703703704,780.6989999999998,90,90,90,90,90,100,100,80,80,5.3272,17.5655,22.103,48.9022,39.3468,63.4695,44.6366,62.8476,293.1687,2685.0607,3.521,1854.7237,2768.3009
2016-03-09 12:01:00,2016-03-09 13:04:00,21.12026277815016,814.441796875,26.9465234375,590.550828125,8.896519999999997,2.5969200000000003,582.781734375,576.8895625,814.2245937499999,80,80,80,60,60,68,68,100,100,1.3202,8.3524,31.9235,29.3329,9.1341,15.2735,35.9566,17.8719,299.3057,2822.4137,3.0833,2096.7273,2799.9164
2016-03-09 18:45:00,2016-03-09 21:08:00,15.825233021068078,820.0643472222223,27.022109027777777,582.4925833333333,8.75923798611111,2.5486495833333334,583.6482847222222,564.3572708333334,820.0887569444444,80,80,80,80,80,58,58,100,100,0.6366,23.7803,36.4396,0.0,17.1077,17.8666,28.7495,20.1052,300.7453,2809.5593,3.401,2160.9153,2834.2591
2016-03-09 22:59:00,2016-03-09 23:22:00,5.237303993780003,854.5337083333334,28.45645416666667,588.5082916666667,9.5261,2.4794,585.8680416666667,577.1887083333334,854.408375,78,78,78,78,78,55,55,100,100,0.6716,8.5394,34.8367,0.0,66.4174,70.612,91.2306,69.5729,311.3686,2689.3894,3.1557,2094.019,2698.0908
2016-03-09 23:32:00,2016-03-09 23:40:00,4.961640053922823,852.3924444444443,27.925655555555554,587.6718888888888,9.5261,2.4794,585.781888888889,575.7981111111112,853.5432222222223,78,78,78,78,78,55,55,100,100,0.6241,13.604,20.6688,0.0,65.0828,59.0557,89.0927,58.201,293.9261,2507.13,2.8745,1926.1106,2513.4022
2016-03-09 23:42:00,2016-03-09 23:57:00,2.7900371077281254,855.5687499999999,28.2222875,590.41175,9.5261,2.4794,588.6685625,578.681625,855.9981875,78,78,78,78,78,55,55,100,100,0.6582,38.2078,43.7748,0.0,90.6136,92.6111,93.9945,90.9057,299.6973,2632.005,2.9488,2017.0425,2660.0119
2016-03-10 01:39:00,2016-03-10 05:23:00,13.856901086162232,835.9013822222222,27.52961911111111,590.4005555555556,8.957538000000001,2.5714311999999993,587.3384133333334,578.6765511111112,835.9083644444445,80,80,80,80,80,51,51,100,100,0.7942,37.4691,45.2388,0.1131,57.1164,72.6321,85.9705,67.1952,306.1325,2822.2649,3.2979,2111.5657,2821.9624
2016-03-10 08:18:00,2016-03-10 08:30:00,15.048746565980176,839.7641538461537,27.742092307692307,604.7093846153846,8.913780769230769,2.6169338461538465,588.4879230769232,587.1154615384614,841.8121538461539,80,80,80,80,80,100,100,76,76,25.9979,27.2236,27.8635,35.5112,26.7881,42.0036,21.182,42.5648,259.4826,2552.1073,2.4811,1947.1792,2661.6373
2016-03-11 02:16:00,2016-03-11 02:25:00,3.0453485662564006,856.6179,28.330900000000003,595.9165,9.008700000000001,2.92277,594.6387000000001,593.0187,857.4394,80,80,80,60,60,100,100,66,66,12.4267,1.0836,0.0,20.2534,2.0742,19.1453,2.4634,18.3455,273.4177,2809.35,3.1179,2008.1395,2553.645
2016-03-11 02:27:00,2016-03-11 04:11:00,8.184951460154135,847.9629333333332,27.91819523809524,599.8566571428572,9.008700000000001,2.92277,595.2529238095237,594.5492285714286,848.2891047619048,80,80,80,80,80,100,100,75,75,12.2839,7.5798,0.2502,57.3987,11.2608,17.1623,11.5515,16.5608,296.0439,3051.8554,3.2301,2173.201,2826.3982
2016-03-11 04:13:00,2016-03-11 04:26:00,2.8808519821151903,855.4309999999999,28.433199999999996,601.1249285714285,9.008700000000001,2.92277,596.6017142857143,597.8498571428572,855.816714285714,80,80,80,80,80,100,100,75,75,53.6129,9.1619,0.8318,84.1968,9.1978,30.2198,9.4442,29.1972,280.037,2892.1554,2.8735,2032.0132,2651.6796
2016-03-11 04:28:00,2016-03-11 04:55:00,4.173659251141956,852.3107499999999,27.88898928571428,598.2688214285714,8.775673214285717,2.6011717857142855,593.7320714285715,596.4057499999999,852.2498571428572,80,80,80,80,80,100,100,70,70,13.9641,1.4532,0.0,27.805,4.394,20.8922,4.6022,20.0686,292.5335,2972.0664,3.238,2132.1125,2737.4768
2016-03-11 05:03:00,2016-03-11 05:09:00,3.452403380551114,857.3275714285713,28.463285714285718,600.9641428571429,8.74771,2.56258,596.8299999999999,597.7061428571429,859.004,80,80,80,80,80,100,100,70,70,14.059,7.7926,0.6672,83.1109,3.7241,12.5894,4.4218,12.2275,259.9464,2652.45,2.6186,1894.06,2435.0886
2016-03-11 19:07:00,2016-03-11 20:56:00,21.547448818039527,831.3347181818181,27.41414272727273,592.5319272727273,9.10335772727273,3.006719999999999,580.3868454545454,580.4181000000001,831.1022,90,90,90,90,90,100,100,100,100,9.9134,1.9814,0.0957,10.971,9.3488,14.243,9.3314,11.1708,279.0136,3021.795,2.9698,2174.7918,2830.8633
2016-03-11 21:28:00,2016-03-12 00:19:00,22.742702932111982,789.374238372093,25.87641686046512,599.0905058139535,8.27381,3.00672,586.2131976744186,584.3213430232558,789.1161395348835,90,90,90,90,90,100,100,100,100,1.7928,1.6271,0.1195,35.3933,23.904,44.5101,24.3807,47.8354,278.3443,2767.5813,2.3202,2009.3413,2840.0015
2016-03-12 01:31:00,2016-03-12 02:39:00,5.224317297177889,851.5482318840579,27.93243623188406,602.4274637681162,9.006409999999997,2.6282099999999993,597.1142028985508,596.2257391304347,851.7980144927536,85,85,85,85,85,100,100,68,68,23.518,0.9737,1.4681,13.4012,12.506,32.6092,13.4146,38.2819,298.5209,2959.2196,3.252,2153.0647,2803.2393
2016-03-12 02:41:00,2016-03-12 05:50:00,11.906306995441335,823.0915368421053,26.977407368421048,601.7967526315789,9.00641,2.62821,596.4871578947369,595.1556052631579,823.1655526315791,85,85,85,85,85,100,100,68,68,14.1193,1.0096,0.0881,8.0535,9.8458,24.874,10.4796,30.7463,293.7544,2908.564,3.3805,2104.108,2836.7166
2016-03-12 08:15:00,2016-03-12 09:36:00,4.835623185367997,852.7405243902441,28.015052439024387,599.6493414634147,8.891078048780487,2.84799,597.193756097561,596.5586707317074,852.577792682927,85,85,85,85,85,100,100,75,75,12.0313,2.6185,0.5094,20.7377,10.4593,15.3872,10.8304,21.1252,306.8955,2982.3813,3.2416,2180.0567,2785.5213
2016-03-12 09:39:00,2016-03-12 09:46:00,1.0489429724132078,860.815125,28.4348375,600.78575,8.75687,2.8479900000000002,597.161375,600.099125,861.0695000000001,85,85,85,85,85,100,100,80,80,74.8054,30.7425,11.8437,86.5194,19.0705,35.1,19.681,39.5719,272.8832,2673.0781,2.7871,1896.0475,2493.5106
2016-03-12 10:56:00,2016-03-12 11:11:00,18.924303524894764,822.5388125,27.5076375,600.7211875,8.75687,2.8479900000000002,594.0480625,595.5623125,822.98625,85,85,85,85,85,100,100,70,70,69.3758,8.7378,17.1007,86.6835,41.8021,46.524,42.2295,51.1237,254.2628,2737.0587,3.4982,1897.2028,2727.5162
2016-03-12 11:13:00,2016-03-12 11:24:00,10.161740042310672,788.86625,26.08516666666667,598.275,8.756869999999997,2.84799,590.7805833333333,590.57525,788.0770000000001,85,85,85,80,80,100,100,70,70,46.9297,1.1243,2.3275,80.8939,38.9143,55.8023,39.2883,60.2589,244.9458,2565.5925,3.3102,1790.7321,2659.9546
2016-03-12 12:20:00,2016-03-12 21:03:00,21.361509662504492,820.7688625954199,26.952914694656485,597.7288988549619,8.32993419847328,2.5340198473282443,591.4815725190839,594.1038797709923,820.885282442748,85,85,85,75,75,100,100,70,70,41.2232,1.5985,3.3854,74.8685,11.5044,25.3116,11.7629,30.8176,292.8251,2938.7578,3.4169,2101.2771,2842.3275
2016-03-12 23:16:00,2016-03-13 00:13:00,7.849157172352325,848.1885517241379,27.810517241379305,595.7932586206897,9.317769999999998,2.43742,589.7146379310345,593.2482586206896,848.3664655172414,85,85,85,75,75,100,100,72,72,20.6391,1.4047,0.8752,46.6265,1.1081,5.3703,1.2497,11.4069,301.1273,2912.3841,3.2162,2177.4508,2752.8375
2016-03-13 00:17:00,2016-03-13 00:23:00,1.2113749482741372,861.2431428571429,28.087385714285713,596.3852857142857,9.317769999999998,2.43742,592.1007142857143,594.7425714285715,862.1862857142858,85,85,85,80,80,100,100,72,72,2.285,1.1251,0.0,46.712,0.0,0.0262,0.0,5.0846,270.6699,2603.2471,2.8555,1926.1386,2394.3364
2016-03-13 00:54:00,2016-03-13 06:09:00,14.31058011992564,822.6234620253164,27.12786265822784,598.4076582278482,8.512109746835444,2.4529670253164557,592.5738670886076,594.0221455696203,822.4903481012659,85,85,85,80,80,100,100,70,71,40.8826,1.6311,1.5511,77.3997,29.054,34.2127,29.4177,43.9991,289.556,2895.272,3.3945,2080.3984,2847.6887
2016-03-13 08:06:00,2016-03-13 09:54:00,17.925033384549643,832.5690825688073,27.45947981651376,600.9455596330274,8.432721743119266,2.470294495412843,594.0575963302753,596.9350091743119,832.5313394495416,90,90,90,90,90,100,100,75,75,11.6074,3.5258,4.2052,45.8721,16.2255,28.3348,16.8866,38.5825,278.8779,2982.6837,3.3794,2112.4994,2838.6956
2016-03-13 12:01:00,2016-03-13 12:37:00,16.221803459809212,833.4175675675675,27.127675675675675,600.8140540540542,8.45238,2.4793999999999996,592.9865135135135,590.6647567567567,833.7895405405407,90,90,90,90,90,100,100,76,76,5.9268,4.8131,5.7548,45.7941,44.1017,50.0157,44.1235,58.5569,273.6572,2946.1627,3.1639,2007.4146,2790.7511
2016-03-13 16:59:00,2016-03-13 18:08:00,9.35296315609036,838.8510285714286,27.589572857142855,601.3057000000002,9.068219999999998,2.6488099999999997,594.5943571428572,593.3718714285712,839.1735285714285,90,90,90,90,90,100,100,70,70,5.0266,4.7414,6.4796,47.9631,5.2019,24.205,6.165,34.8696,271.9814,3004.9858,3.4272,2133.9347,2815.7584
2016-03-13 20:40:00,2016-03-13 20:59:00,5.8664763538260205,856.7037,28.10805,601.7061500000002,9.06822,2.648809999999999,594.8921999999999,593.85515,857.62225,90,90,90,90,90,100,100,70,70,2.2329,12.4573,1.4324,80.026,0.2854,7.2192,0.7318,18.0311,274.6978,2921.814,3.1497,2113.7475,2688.8095
2016-03-13 22:30:00,2016-03-14 06:03:00,21.498563324954674,803.3103788546256,26.40537533039648,602.7300748898679,8.35466002202643,2.6640308590308366,593.7829493392071,593.5984559471366,803.4309625550661,90,90,90,90,90,100,100,85,85,10.5537,5.2669,17.184,38.1641,34.1371,51.1742,34.8008,60.0693,269.9793,2873.0732,3.282,2017.7379,2868.6568
2016-03-15 02:02:00,2016-03-15 02:08:00,1.7731234633624606,859.5304285714285,28.42055714285714,597.1494285714286,9.31319,2.7182500000000003,591.2772857142857,589.7364285714285,860.3950000000002,85,85,85,85,85,100,100,81,81,0.5494,0.9157,0.0,0.0654,0.0,0.7261,0.0,1.8053,247.8844,2694.4793,2.6964,1927.5807,2424.2093
2016-03-15 03:20:00,2016-03-15 03:31:00,3.3511458270517904,857.1032499999998,28.22039166666666,597.2334166666667,9.313189999999997,2.71825,591.5576666666667,589.7122499999999,857.5186666666667,85,85,85,85,85,100,100,81,81,0.5698,1.0862,0.0,0.7161,0.0,0.0,0.0,0.0789,266.023,2902.6312,2.9646,2065.2771,2590.0358
2016-03-15 03:33:00,2016-03-15 03:41:00,0.9419897118780098,860.4817777777779,28.143411111111114,597.2048888888888,9.313189999999999,2.71825,591.722,589.550111111111,860.5208888888889,85,85,85,85,85,100,100,81,81,0.5155,1.0039,0.0,0.0,0.0,0.0,0.0,0.0,261.0427,2796.605,2.7931,2021.2583,2498.9439
2016-03-15 03:43:00,2016-03-15 04:53:00,3.3114408216087377,854.6562816901408,28.01845633802817,596.7785070422534,9.313189999999995,2.7182500000000016,591.3241690140845,589.3125915492957,854.8885352112676,85,85,85,85,85,100,100,81,81,0.5744,1.1036,0.0,0.0963,0.0,0.1922,0.0,0.3749,288.0555,3095.9875,3.0868,2220.0978,2778.0961
2016-03-15 23:01:00,2016-03-16 00:39:00,12.286084386711332,841.7074242424242,27.688849494949498,600.5043535353535,9.308610000000002,2.72512,593.9045757575758,593.1612626262627,841.585585858586,90,90,90,65,65,100,100,84,84,72.3548,15.8194,13.7087,63.908,43.5857,55.3644,43.8833,54.6414,281.0735,3021.095,3.4366,2087.4791,2855.1832
2016-03-16 00:41:00,2016-03-16 00:52:00,2.31516499891957,857.9598333333334,27.84238333333333,599.7911666666666,9.30861,2.72512,593.6993333333334,597.0166666666668,858.2723333333333,90,90,90,65,65,100,100,84,84,16.8803,1.277,0.4388,4.6958,57.3667,65.3159,57.5651,64.4078,266.7759,2789.9492,3.3483,1962.9317,2629.3558
2016-03-16 00:54:00,2016-03-16 05:42:00,14.444100189044013,824.3442006920415,27.05567577854671,601.8533529411765,8.7357569550173,2.5863996193771626,593.5016366782007,596.3698339100347,824.3318235294117,90,90,90,65,65,100,100,84,84,66.6057,10.0901,3.1812,54.3534,17.0934,26.1737,17.4758,26.6324,279.1937,2972.6301,3.4467,2092.9567,2847.3563
2016-03-16 08:03:00,2016-03-16 08:57:00,21.311083936303323,838.5684727272727,27.842818181818185,602.6133818181819,9.121878545454543,2.4236899999999997,596.6633090909091,595.8892727272727,838.5270545454548,90,90,90,65,65,100,100,76,76,17.1978,2.2994,3.4832,3.5365,0.0993,0.928,0.2461,1.1883,272.5877,2877.7889,3.277,2128.4422,2765.0982
2016-03-16 13:59:00,2016-03-16 19:13:00,8.025040592489304,800.9462253968255,26.25532952380952,597.3717968253968,8.163145841269841,2.032358,588.2697238095237,588.555926984127,800.8104126984127,90,90,90,65,65,100,100,80,80,31.2929,8.143,9.5022,1.5227,29.2684,29.2094,40.4654,30.2186,276.0473,2907.3256,3.4722,2041.9849,2866.5292
2016-03-16 19:20:00,2016-03-16 19:28:00,1.0766879254867414,861.7193333333333,27.8368,580.5785555555555,8.22573,2.40461,580.2173333333333,582.2326666666667,861.9895555555555,80,80,80,65,65,100,100,84,84,1.2753,2.8965,1.1667,0.0,0.0,1.5839,9.7714,1.6924,274.1864,2901.3811,2.7342,2062.5206,2491.8661
2016-03-16 19:30:00,2016-03-16 21:00:00,7.238767155757492,844.6396703296704,27.73195714285714,591.9625274725275,8.22573,2.404609999999999,584.1813296703297,584.4115934065934,844.6407802197804,80,80,80,65,65,100,100,84,84,8.1264,2.5185,1.0945,5.1396,0.0,1.645,10.5472,1.8936,297.584,3197.4024,3.3104,2216.289,2785.0377
2016-03-16 23:25:00,2016-03-17 00:01:00,2.520681443453708,857.516081081081,28.159591891891885,594.4123783783784,9.003252972972971,2.4957721621621625,590.1788648648647,587.6668648648648,858.0158378378376,85,85,85,65,65,100,100,84,84,0.6938,1.8851,0.5561,3.4134,0.0,0.4645,9.7449,0.4191,293.2024,3058.3547,3.2853,2199.3009,2703.7
2016-03-17 02:28:00,2016-03-17 02:43:00,2.982478970352306,860.8149375,28.3074,602.9980625000001,8.811810000000001,2.57326,600.373375,597.556375,860.8880625,85,85,85,65,65,100,100,84,84,0.6162,1.3526,18.6327,19.2603,36.0291,56.1069,45.8028,55.1549,285.7829,2885.9803,3.1451,2025.1159,2665.5047
2016-03-17 02:59:00,2016-03-17 05:35:00,9.138199470101169,838.2641337579616,27.486570063694277,602.2441082802549,8.811810000000003,2.5732600000000003,598.4147898089172,595.3079872611465,838.4867133757961,85,85,85,65,65,100,100,84,84,1.4584,2.9131,4.614,31.253,7.137,27.2624,17.2507,27.0207,293.8345,3044.4219,3.4304,2139.0408,2809.0198
2016-03-17 08:59:00,2016-03-17 13:14:00,10.668793658455192,806.0238398437498,26.52246328125,602.7444296875,8.783014414062498,2.8276191015625,599.103234375,599.3493046875001,805.8536523437504,85,85,85,65,65,85,85,100,100,20.871,16.8109,28.1642,58.9249,56.2314,84.7575,65.6325,84.6493,277.6744,2916.5823,3.5852,1962.0564,2871.1574
2016-03-17 18:02:00,2016-03-17 18:13:00,19.47815107299001,820.2726666666667,26.181849999999997,592.7603333333334,8.049828333333334,2.40232,590.87225,600.1370833333332,820.04075,90,90,90,65,65,63,63,100,100,5.7947,2.76,2.035,1.9854,12.9121,16.5293,12.8917,17.6511,276.765,2778.2992,3.2449,1980.2517,2561.3708
2016-03-17 19:20:00,2016-03-17 21:00:00,9.365151937060851,847.8865148514851,27.779772277227714,596.4327920792077,8.711280396039603,2.5394586138613855,593.929495049505,596.209405940594,848.0670891089109,90,90,90,65,65,100,100,88,88,1.8415,5.4295,3.2976,0.4237,0.0,1.3863,1.1784,1.3473,297.4442,3140.473,3.5391,2202.2691,2753.0616
2016-03-17 23:44:00,2016-03-18 00:01:00,3.0869140694587305,858.7688333333333,28.15425555555555,604.4505555555556,8.880490000000002,2.587,601.6365555555554,600.5604444444444,859.0479444444445,90,90,90,65,65,100,100,80,80,24.5557,12.4423,27.3555,38.18,0.8293,23.1482,1.1532,24.8711,291.5975,2956.4728,3.1825,2075.1175,2657.1958
2016-03-18 02:50:00,2016-03-18 05:36:00,13.608860225059008,835.9627365269462,27.409325748502987,599.9705449101796,8.96749,2.62057,598.9271377245509,598.8518922155689,836.1680658682634,90,90,90,65,65,100,100,85,85,40.5818,15.7569,16.1856,59.3343,13.9868,24.9589,14.2168,30.95,288.7265,3027.2446,3.3904,2114.0202,2805.1534
2016-03-18 08:28:00,2016-03-18 08:34:00,2.82226953832171,859.5302857142857,28.16937142857143,590.4382857142857,8.96749,2.6205700000000003,590.9592857142856,589.7411428571429,859.7117142857143,90,90,90,90,90,100,100,74,74,1.0509,2.9042,1.1033,0.0,0.0,1.5437,0.0,5.6253,268.0354,2729.0371,2.6216,1936.9186,2393.7514
2016-03-18 17:03:00,2016-03-18 21:03:00,14.163808101485655,827.8634149377592,27.20656887966805,600.648804979253,8.609153485477181,2.75259,592.2364066390041,593.4616099585062,827.5732323651451,90,90,90,90,90,100,100,100,100,9.4716,17.7644,15.9721,40.0037,10.2372,16.2967,10.37,22.5505,308.7836,3102.4877,3.3971,2123.8807,2807.9681
2016-03-18 23:23:00,2016-03-19 00:02:00,6.17912530010315,852.827775,28.066390000000002,599.51885,9.288,3.009,591.051925,590.03225,853.134225,90,90,90,90,90,100,100,72,72,3.0952,3.8095,4.6734,36.1142,18.4154,35.8204,18.5279,41.034,305.997,3110.0265,3.1926,2144.0469,2775.3821
2016-03-19 01:49:00,2016-03-19 05:35:00,11.255655789202509,835.4265242290749,27.3919577092511,597.4177797356829,9.081523392070483,2.872143392070484,592.9053788546256,591.1531365638766,835.2853876651982,90,90,90,90,90,100,100,80,80,1.1519,3.2915,1.2619,6.4967,0.0967,8.7521,0.4506,14.3706,307.3877,3185.5017,3.3851,2170.8749,2804.5641
2016-03-19 08:25:00,2016-03-19 08:54:00,8.296887354504305,843.7986000000001,27.73076666666667,593.1906333333334,8.693682,2.48245,585.2137333333334,586.5675666666666,844.1632666666668,90,90,90,90,90,100,100,78,78,1.0847,2.4827,0.7601,0.929,0.0,3.0993,0.1089,8.4341,307.9392,3009.0303,2.8349,2147.272,2701.5827
2016-03-19 10:50:00,2016-03-19 11:19:00,23.695474979178794,813.3916666666669,27.32479666666666,597.4784000000001,8.340966000000002,2.4458206666666666,588.6293000000001,587.3603666666664,812.7868999999998,90,90,90,90,90,100,100,78,78,1.2729,10.175,0.9402,7.386,5.6848,32.1184,5.7143,38.2743,282.9024,3012.198,3.4468,2017.1512,2758.3865
2016-03-19 12:10:00,2016-03-19 12:36:00,19.90178733010644,835.9597407407406,27.13222222222222,592.600962962963,8.131021851851854,2.41377,588.2275925925926,584.9979259259259,838.4345925925925,81,84,79,70,70,100,100,70,70,5.4922,18.0211,8.6239,20.7892,4.7919,26.5387,5.1983,27.7891,313.8713,3015.0772,2.5817,2113.4172,2699.5596
2016-03-19 16:58:00,2016-03-19 21:09:00,17.445245058907265,825.0956150793651,27.12898134920635,600.277384920635,8.574006666666666,2.4830525396825402,591.2748174603175,590.3322023809525,825.0181626984127,85,85,85,85,85,100,100,80,80,2.2111,7.4562,17.7879,50.9783,16.162,30.7803,16.2064,31.909,333.8149,3115.0853,3.4759,2112.6794,2832.6795
2016-03-19 22:42:00,2016-03-20 02:40:00,19.584486260288916,802.2285564853555,26.489676569037655,597.3192008368201,8.301790920502091,2.4162720083682,588.9043179916317,587.6797573221758,801.8727196652718,85,85,85,85,85,96,96,88,88,0.9026,4.2833,9.7132,35.6313,31.224,42.223,38.6698,42.8181,323.5635,2958.7386,3.3656,2034.3423,2845.1678
2016-03-20 02:47:00,2016-03-20 06:02:00,17.371718016282365,797.5408418367346,26.141794897959183,595.1358520408164,8.170789999999998,2.3893500000000003,587.386974489796,586.8121479591837,797.7350306122448,85,85,85,85,85,96,96,88,88,0.6655,1.7846,1.3358,31.7023,6.7495,18.5715,12.0843,18.7556,330.4089,3041.7992,3.587,2063.591,2816.7975
2016-03-20 15:32:00,2016-03-20 16:08:00,5.825021255098739,779.432837837838,25.606375675675675,590.2062432432433,7.788459999999999,1.95894,580.8665405405405,581.8035675675677,779.8225405405404,85,85,85,84,84,66,66,100,100,1.2474,7.2353,22.2082,0.6588,12.8812,41.472,56.1166,41.1213,303.6704,2670.3809,3.0827,1950.5103,2752.7374
2016-03-20 21:05:00,2016-03-20 22:24:00,20.885453066728058,805.34385,26.48077,598.3865625000001,8.30774625,2.22299,590.1779,589.7759625,805.0617000000001,80,80,80,80,80,80,80,100,100,3.5146,32.5622,23.4871,53.9355,28.3404,40.7555,38.7618,40.8017,323.4069,2923.2447,3.1964,2018.4391,2812.0226
2016-03-21 06:41:00,2016-03-21 06:59:00,6.759014855112705,852.4976315789473,28.4882,597.9666315789474,8.502749999999999,2.18788,594.0936315789473,601.237947368421,851.4365789473685,85,85,85,70,70,78,74,100,100,9.5318,14.991,47.5162,13.9548,88.4519,92.4313,94.8786,95.1354,319.8065,2841.4945,3.106,1981.8037,2730.7605
2016-03-21 07:02:00,2016-03-21 07:18:00,2.9013967248581047,857.6155294117647,28.124305882352942,596.026,8.741249411764707,2.4545264705882355,592.8115882352942,595.4204705882353,856.9317647058824,85,85,85,70,70,94,94,100,100,0.5818,17.1982,45.4895,0.5997,52.0955,72.9189,83.7608,88.2461,324.4988,2833.5697,3.081,2009.75,2686.9538
2016-03-21 10:12:00,2016-03-21 10:53:00,7.575714613920226,787.3774285714286,25.81749285714286,600.8068333333334,7.870880000000001,2.59997,594.4057380952381,592.1527619047619,786.9874523809524,80,80,80,80,80,76,76,100,100,2.8032,32.8319,24.4091,8.9722,87.3817,96.2812,96.3094,98.4242,315.0317,2787.6011,3.0893,1888.1204,2832.5189
2016-03-21 12:26:00,2016-03-21 16:18:00,16.504011244190686,826.551957081545,27.11647253218884,602.3923390557941,8.300793905579397,2.5069875536480684,592.4099742489271,593.2528283261802,826.0945965665237,85,85,85,85,85,76,76,100,100,15.0335,24.8079,21.0142,29.8597,46.2314,59.0455,61.587,68.0153,315.7926,2983.9091,3.1978,2074.5981,2869.36
2016-03-21 16:28:00,2016-03-21 19:59:00,21.853017359603168,809.1928113207547,26.668448584905658,602.6281839622641,8.470699999999997,2.47024,590.7613584905661,590.0353915094339,809.1888396226416,90,90,90,90,90,75,75,100,100,14.8016,27.9503,17.6692,21.4632,18.262,31.7679,37.7767,44.1114,291.9438,2972.2233,3.2769,2053.7945,2858.1334
2016-03-21 20:01:00,2016-03-21 21:02:00,9.837847224758587,810.2244193548387,26.436843548387095,595.2496774193546,8.376538709677423,2.4419254838709668,587.4158387096775,586.7606935483872,810.0043064516128,90,90,90,90,90,75,75,100,100,0.7331,4.9746,0.643,0.0,0.0,0.7784,9.3855,7.5663,300.901,2971.856,3.2294,2102.3465,2750.7462
2016-03-21 22:45:00,2016-03-22 00:10:00,14.098330021915427,829.6909883720929,27.257570930232564,601.8107209302326,9.203159186046506,2.4351299999999996,593.687465116279,593.5579069767442,830.0295930232556,90,90,90,90,90,70,70,100,100,3.9679,21.6096,8.5445,8.4253,3.6154,13.9872,14.0866,24.4669,323.6132,3076.9188,3.3055,2121.924,2804.7868
2016-03-22 07:59:00,2016-03-22 09:32:00,20.2689810129271,814.3253191489364,26.8398829787234,596.3036063829787,8.925624680851064,2.378322978723404,588.3357127659575,589.677170212766,814.596340425532,85,85,85,70,70,84,84,100,100,2.0806,6.0787,16.88,19.11,10.535,12.3581,15.0138,16.8771,312.9144,2965.7688,3.538,2090.7723,2781.1209
2016-03-22 09:37:00,2016-03-22 09:43:00,3.260553671525411,771.0625714285715,25.3253,602.3121428571429,8.09753,2.3626400000000003,590.2017142857142,589.0591428571428,769.543,85,85,85,80,80,94,94,100,100,6.9248,13.5705,34.6721,52.8955,15.1971,32.9452,15.3715,32.6269,264.6481,2463.3186,2.9682,1679.4186,2433.9321
2016-03-22 09:48:00,2016-03-22 10:00:00,2.3794131641892555,774.9313846153847,25.65230769230769,595.8822307692309,8.097530000000003,2.36264,590.2907692307692,588.9649230769231,774.7983846153846,85,85,85,80,80,94,94,100,100,0.9721,10.5499,20.5387,36.5044,44.0805,47.5298,44.1955,46.9264,280.0622,2643.3996,3.4753,1812.6054,2627.5177
2016-03-22 10:13:00,2016-03-22 10:34:00,8.1530888702401,776.9526818181818,25.646304545454544,600.350409090909,8.097530000000003,2.36264,591.259590909091,590.4918636363635,776.2930454545453,85,85,85,80,80,94,94,100,100,3.2079,26.1586,42.0246,78.4771,41.9664,46.7754,41.9636,45.9332,288.1307,2737.4257,3.2382,1858.4814,2711.9773
2016-03-22 15:11:00,2016-03-22 16:58:00,23.420888871777542,806.5124537037038,26.61059074074074,599.8356481481482,7.857905000000003,2.34229,589.2821851851851,589.9245,806.379638888889,80,80,80,80,80,78,78,100,100,2.0268,18.1748,13.0794,29.9314,27.4495,41.1593,27.288,41.6472,311.9243,2969.4264,3.3277,2044.7969,2821.8701
2016-03-22 18:13:00,2016-03-22 19:54:00,11.7590487441486,790.9488137254901,26.019896078431366,599.2386764705883,8.010530000000003,2.3382200000000006,588.0896862745099,588.8348627450979,783.0268235294119,80,80,80,80,80,82,82,100,100,1.6516,19.934,22.2899,35.6682,25.8956,35.8789,25.8233,36.1473,302.62,2901.6753,3.5325,2007.12,2804.2425
2016-03-23 08:03:00,2016-03-23 09:41:00,11.91134655185979,802.0906262626263,26.54067878787879,585.5180505050505,9.161144343434344,2.967030000000001,575.1773333333334,569.6108585858586,801.5499595959594,75,75,75,80,80,64,64,100,100,0.8044,6.2379,23.5752,0.0654,33.5856,23.526,57.7302,27.4321,308.646,2809.2437,3.5806,2080.0367,2825.6098
2016-03-23 18:20:00,2016-03-23 19:32:00,6.8804283386083425,787.0182876712329,25.876197260273972,589.2557808219178,8.118380547945206,2.11462,580.5654931506849,574.7810547945205,786.456095890411,85,82,85,61,60,60,60,100,100,0.6544,14.5638,28.2549,0.0,17.9368,43.4593,59.3306,27.3718,0.0,0.0,0.0,0.0,0.0
2016-03-23 19:37:00,2016-03-23 20:10:00,6.304277731598445,775.6404411764707,25.57063235294118,590.9437647058824,8.22802,2.11462,578.7905882352941,576.9384117647058,775.382294117647,85,82,85,61,60,60,60,100,100,0.6222,19.6043,40.0695,0.0,22.6154,59.2886,75.2029,40.2769,0.0,0.0,0.0,0.0,0.0
2016-03-23 21:00:00,2016-03-23 22:38:00,17.03638511799926,809.738898989899,26.78290707070707,589.2215555555556,8.22802,2.1146199999999995,578.8549898989899,580.8353030303031,809.3282121212121,85,82,85,61,60,76,72,100,100,0.5741,15.6196,27.2891,0.0,30.2687,63.0638,72.9332,43.2549,0.0,0.0,0.0,0.0,0.0
2016-03-24 07:55:00,2016-03-24 09:40:00,20.955082635643386,808.6635471698112,26.580677358490565,598.0383018867925,8.769477169811324,2.5549400000000007,589.9350943396227,588.8034905660377,809.0095188679247,90,90,90,90,90,100,100,80,80,1.2478,7.1463,2.5756,6.0683,19.735,30.4793,20.2514,30.559,0.0,0.0,0.0,0.0,0.0
2016-03-24 10:06:00,2016-03-24 10:48:00,9.367482024809387,785.2708372093024,25.576432558139537,596.9846279069767,7.806780000000001,2.55494,589.2211395348838,592.0986511627907,786.4837674418603,90,90,90,90,90,100,100,80,80,2.5882,14.0969,12.8045,19.5144,8.2379,8.0664,8.8029,8.7316,0.0,0.0,0.0,0.0,0.0
2016-03-24 12:51:00,2016-03-24 14:39:00,18.594449907685178,810.7707706422018,26.438318348623856,596.5129357798166,8.094735504587156,1.7391599999999994,591.4708532110092,593.3904862385322,811.5057247706421,90,90,90,90,90,76,76,100,100,8.0102,25.5285,37.231,41.7945,53.9432,41.0205,61.8009,41.5207,0.0,0.0,0.0,0.0,0.0
2016-03-24 14:41:00,2016-03-24 15:00:00,9.48880985213634,847.6673000000001,27.767705,595.0447499999999,8.20513,1.7391599999999996,588.30525,586.3667000000002,847.7462500000001,85,85,85,65,65,76,76,100,100,1.3004,26.6957,47.906,0.0015,17.9533,0.0,39.3025,0.5235,294.8413,2854.423,3.1802,2156.2513,2660.8355
2016-03-24 15:02:00,2016-03-24 15:09:00,3.8410964905870157,855.3544999999999,28.489,595.377625,9.205589999999999,1.7391599999999998,591.4805,590.04225,854.7272499999999,85,85,85,65,65,76,76,100,100,1.0035,38.4119,40.5067,0.0267,48.5882,3.1765,68.3417,4.1743,265.1469,2641.3206,2.997,1952.3912,2471.8719
2016-03-24 17:05:00,2016-03-24 17:46:00,7.371917455026116,851.0871904761907,27.84580952380953,592.7544761904761,9.205589999999997,2.74038,587.899357142857,582.837380952381,851.0175714285715,85,85,85,65,65,70,70,100,100,0.745,2.5314,22.3603,0.0,4.493,1.33,40.6513,1.6215,292.7538,2967.6026,3.473,2241.4787,2789.1231
2016-03-24 22:57:00,2016-03-24 23:07:00,3.6390822973576946,856.6488181818182,28.302818181818182,594.269,9.178110000000002,2.56334,590.6858181818181,589.6380909090909,856.5511818181817,85,85,85,65,65,100,100,85,85,0.5273,15.959,13.8112,0.0,56.5296,0.8297,91.4807,0.3219,268.9556,2619.9655,3.0236,2054.7027,2529.8141
2016-03-24 23:19:00,2016-03-24 23:28:00,3.296257720506699,860.1298,28.0171,593.5809999999999,9.17811,2.56334,590.4745999999999,587.1360999999999,861.6995,85,85,85,65,65,100,100,85,85,0.5159,4.1117,37.1337,0.0,2.2741,0.7967,38.4188,0.0611,276.388,2627.6165,2.9042,2073.764,2497.995
2016-03-25 03:02:00,2016-03-25 03:09:00,1.8389425247611793,861.992875,28.1647,592.833875,9.81227,2.72512,590.91025,588.531375,862.8525,85,85,85,75,75,80,80,100,100,0.5075,20.4861,25.1145,0.0,41.4606,1.1714,76.9956,0.3472,258.9195,2534.4581,2.991,1942.6694,2437.5631
2016-03-25 03:19:00,2016-03-25 03:45:00,4.733698091782224,857.7219259259257,28.1694,594.4386666666666,8.960026296296299,2.7251200000000004,592.6916296296296,586.165888888889,856.4962222222223,85,85,85,75,75,80,80,96,96,0.5585,23.4579,44.8514,0.2578,6.5013,3.7489,45.2539,3.1373,289.3526,2808.287,2.9125,2143.5415,2710.8828
2016-03-25 03:47:00,2016-03-25 03:59:00,4.647769496214379,854.1273076923076,28.293407692307692,592.7493076923076,8.811810000000005,2.7251199999999995,593.148153846154,586.0832307692307,853.0694615384614,85,85,85,75,75,72,72,96,96,0.5894,28.4164,34.5755,0.2583,26.2374,24.1077,63.2244,23.995,263.8534,2769.7754,3.2358,2026.4085,2663.5196
2016-03-25 04:01:00,2016-03-25 04:27:00,6.816989351735366,852.3607407407407,27.77393333333333,589.9306666666666,8.811810000000001,2.7251200000000004,587.8316666666667,584.3234444444445,852.7588518518519,85,85,85,75,75,72,72,96,96,0.6128,5.0389,19.2681,0.0,0.5189,1.4991,24.7727,0.5257,287.637,2768.4519,3.4922,2166.6509,2722.5085
2016-03-25 08:01:00,2016-03-25 08:43:00,11.477097695222369,838.2165116279069,27.766137209302318,593.7394651162791,9.342949999999998,3.02656,585.5993255813954,581.3650697674419,837.8909069767442,85,85,85,75,75,74,74,100,100,0.8632,11.3837,26.4148,0.5076,7.9596,3.0837,27.6755,2.7032,298.2819,2872.284,3.3309,2148.1479,2774.2191
2016-03-25 08:45:00,2016-03-25 09:10:00,7.293758663664913,853.4026923076922,28.147130769230767,596.637576923077,9.34295,3.0265600000000004,589.7944615384615,589.3151153846154,853.2106153846154,85,85,85,75,75,66,66,100,100,0.8488,28.4411,42.5261,12.1237,30.2579,19.0441,49.5445,18.8973,301.1014,2835.7842,3.2,2101.8379,2725.6267
2016-03-25 09:14:00,2016-03-25 10:13:00,12.738473835022601,847.5815666666666,27.829569999999997,595.5203166666666,9.342949999999998,3.026559999999999,588.4525833333333,589.2474833333333,847.7499666666666,85,85,85,75,75,66,66,100,100,0.844,19.0039,28.6828,0.6512,42.9329,19.9624,62.5453,19.9883,306.4312,2872.4512,3.0956,2141.5448,2769.4776
2016-03-25 12:24:00,2016-03-25 12:58:00,22.373427539300412,820.4968285714284,26.471834285714284,583.6641428571428,8.36741057142857,2.353417142857143,589.8089428571429,589.062742857143,821.3907142857142,85,85,85,75,75,100,98,100,100,17.3888,11.2376,19.3206,13.6796,9.8291,14.7157,8.0996,14.5273,303.8306,2897.447,3.1764,2104.4027,2669.8126
2016-03-25 13:00:00,2016-03-25 13:19:00,22.52927669339388,802.18535,27.197805,593.6923499999999,8.523349999999999,2.4504000000000006,588.9966,585.128,796.5490500000001,85,85,85,75,75,78,78,100,100,0.9783,12.8816,29.0659,31.5087,69.4322,72.7427,71.4042,73.4631,266.6292,2698.4332,2.97,1871.8695,2765.7295
2016-03-25 14:45:00,2016-03-25 15:13:00,21.626053093587352,807.2522758620689,26.12710344827586,592.468,7.799510689655174,2.4504000000000006,583.021,581.1718965517241,807.0114137931035,85,85,85,75,75,60,60,100,100,1.0894,6.3755,37.269,1.18,7.1313,2.1252,26.6494,1.0568,296.664,2862.1879,2.9457,2064.5271,2744.6584
2016-03-25 16:57:00,2016-03-25 18:13:00,16.748931557367325,827.4602987012987,27.261784415584415,589.9994415584415,8.59060493506493,2.4504000000000006,582.312896103896,578.8177012987013,827.8001298701299,80,80,80,75,75,60,60,100,100,1.024,4.4463,28.066,0.0,0.0801,1.4053,0.9621,0.9764,306.9153,2962.784,3.2898,2165.8682,2808.8895
2016-03-25 20:23:00,2016-03-25 20:29:00,4.069270114566765,856.1038571428572,27.79437142857143,589.8501428571428,9.18269,2.6831500000000004,583.028,578.0551428571429,858.0940000000002,80,80,80,75,75,70,70,100,100,0.5887,3.2444,28.6674,0.0,0.0,0.6018,17.3295,0.2355,282.5161,2627.9957,2.6447,1941.595,2446.725
2016-03-25 23:02:00,2016-03-25 23:59:00,10.025170976329388,845.5894137931035,27.960720689655172,598.6919655172413,9.18269,2.683150000000001,596.068396551724,589.8632931034482,845.6703965517241,80,80,80,80,80,80,80,100,100,1.5762,33.7012,50.9026,13.7734,34.4133,28.3304,75.231,23.349,316.2335,3019.6726,3.194,2059.2219,2816.836
2016-03-26 00:01:00,2016-03-26 00:25:00,11.048169795509118,851.5473599999999,27.471308,598.41404,9.18269,2.68315,596.052,602.692,855.60624,80,80,80,80,80,100,100,100,100,7.7912,2.4383,16.5971,66.1783,0.6282,3.5861,19.9389,1.4603,326.9185,3026.8886,3.276,2112.444,2634.8466
2016-03-26 01:08:00,2016-03-26 06:00:00,22.920110456158547,809.901071672355,26.688195221843003,600.6083788395905,8.532178259385667,2.64652,600.546733788396,599.7455529010239,809.5769488054608,80,80,80,80,80,100,100,80,80,44.1594,16.0311,34.3025,88.9205,56.5257,79.9025,71.5588,77.0521,313.7927,3030.1073,3.544,1973.4895,2849.951
2016-03-26 09:27:00,2016-03-26 10:13:00,5.084905927946112,851.0559574468087,27.966778723404254,602.8535744680851,9.532969999999995,2.78312,601.1275319148936,602.2321063829786,851.1715319148938,85,85,85,85,85,100,100,80,80,1.1807,2.3452,3.0113,18.7206,82.011,63.4745,95.1797,62.8374,314.5854,3050.3257,3.0569,2053.5302,2805.3523
2016-03-26 17:01:00,2016-03-26 18:01:00,5.1140842376612445,846.9349836065574,27.874357377049183,595.8862459016393,8.830130000000002,2.5663900000000015,592.1276393442622,588.7364590163935,847.3090163934427,85,85,85,85,85,82,82,100,100,1.6629,20.6519,26.2545,0.2592,34.6159,44.3614,45.4753,45.2446,302.5529,3041.4662,2.9498,2122.4602,2821.7369
2016-03-26 19:51:00,2016-03-26 21:02:00,6.0777677427140135,846.1707083333333,27.765230555555554,590.6967361111111,9.269689999999999,2.7106199999999996,584.9146666666667,582.060875,846.4318333333334,85,85,85,85,85,84,84,100,100,0.6385,3.2064,1.6547,0.0,0.0,1.4046,0.4392,0.2773,304.7975,3152.0731,3.2937,2219.9051,2787.8301
2016-03-26 22:47:00,2016-03-27 06:05:00,22.702778622857117,802.493776765376,26.41208041002278,599.6152164009112,8.574645125284738,2.5207028246013663,592.7504487471526,589.6916924829158,802.1461298405469,85,85,85,85,85,100,100,80,80,16.5362,9.2543,13.2523,12.9587,22.4404,23.8651,22.5417,23.2407,292.0441,2945.9335,3.3813,2049.0191,2848.666
2016-03-27 16:09:00,2016-03-27 16:52:00,5.8210503189372265,779.230340909091,25.80904772727273,591.2601363636363,7.912710909090908,2.1054599999999994,573.3984772727273,573.3142272727272,778.3458409090908,80,80,80,85,85,80,80,100,100,6.0273,3.7608,3.2225,0.4121,21.0095,0.9449,21.9947,1.3604,275.5969,2866.8834,3.2828,2008.0236,2782.3506
2016-03-27 18:42:00,2016-03-27 19:36:00,7.273598686293892,784.8560727272728,26.09456909090909,592.8527090909092,8.114049272727272,2.1054599999999994,573.4170909090908,572.5410545454545,783.5127090909092,80,80,80,85,85,80,80,100,100,1.3425,9.0426,3.0214,0.7623,34.2291,16.135,35.2198,17.3643,283.0168,2876.8962,3.0169,2014.5518,2806.8206
2016-03-27 19:41:00,2016-03-27 19:53:00,2.033043624396212,770.9119230769231,25.189730769230774,588.5088461538462,8.186810000000005,2.1054600000000003,573.8244615384615,571.5655384615384,770.046846153846,80,80,80,85,85,76,76,100,100,0.6481,3.3531,0.0845,0.0094,0.0,1.6108,0.425,0.1761,261.609,2698.5965,3.4413,1900.0342,2641.5119
2016-03-27 20:26:00,2016-03-27 20:36:00,3.085364449319394,770.8401818181818,25.417918181818184,594.2799090909091,8.186810000000003,2.1054600000000003,573.3330909090909,573.9942727272727,770.7669999999998,80,80,80,85,85,76,76,100,100,0.777,3.4965,0.2359,0.0,0.358,1.6234,0.3691,0.0264,256.9097,2623.695,3.392,1862.7023,2606.1809
2016-03-28 05:56:00,2016-03-28 08:11:00,23.833329168355583,826.4088676470589,27.16642426470588,596.5240735294118,8.393499338235296,1.9314700000000002,579.552125,582.1334999999999,826.3393235294118,75,75,75,85,85,100,100,80,80,13.3165,7.3727,6.4456,15.7407,32.4275,15.8221,32.2937,12.8096,303.035,3048.1083,3.382,2138.6146,2829.5846
2016-03-28 08:29:00,2016-03-28 08:51:00,4.821680509307656,778.4203913043477,25.346921739130433,591.9291304347826,7.651099999999995,1.9314699999999991,581.2540434782608,578.4535217391306,777.8117391304348,90,90,90,90,90,74,74,100,100,0.4964,1.9271,0.0916,0.0,0.0,1.0365,0.6331,0.0,279.669,2758.918,3.6059,1963.9887,2657.9659
2016-03-28 09:03:00,2016-03-28 09:10:00,4.255700528041731,774.947625,25.8424875,601.7703750000001,7.6511,1.93147,586.364125,587.22,768.463125,90,90,90,90,90,87,87,100,100,18.3723,10.3671,20.6406,32.9308,60.989,45.86,60.6303,45.6158,248.5634,2478.0556,3.1699,1688.4462,2502.38
2016-03-28 21:15:00,2016-03-28 22:14:00,7.94230291293611,783.3131500000001,25.63369666666667,595.4024666666668,7.569252500000001,2.2113475,576.6873999999999,576.6922333333333,783.1923333333335,90,90,90,90,85,100,100,100,100,7.1769,8.3115,10.0371,12.5936,28.952,12.8459,28.7241,12.357,283.8588,2820.0542,3.0793,1998.336,2777.9552
2016-03-29 11:05:00,2016-03-29 11:27:00,23.203723827749723,809.2927826086957,27.319634782608695,596.8855652173912,8.63135130434783,2.7953299999999994,595.5398695652174,593.5931739130434,806.5879565217392,81,80,80,68,70,100,100,76,76,0.7299,3.0007,3.7891,3.7572,81.0347,87.0561,82.7999,87.3242,256.4705,2746.9198,3.9066,1887.5715,2736.1617
2016-03-29 18:25:00,2016-03-29 20:17:00,19.887366296459927,830.7870530973452,27.323525663716808,588.5274513274337,9.241340973451326,3.01511,588.9026814159291,578.5171061946903,830.8639734513274,85,85,85,85,85,80,80,100,100,0.734,5.4521,10.7351,0.0,0.0,1.08,18.5281,1.3842,283.4343,2885.307,3.2894,2177.5243,2790.3949
2016-03-29 22:47:00,2016-03-30 00:17:00,13.985883890637409,825.654868131868,27.174452747252758,595.2138241758242,8.805148241758241,2.6940913186813185,587.4193626373627,585.423032967033,825.451142857143,85,85,85,85,85,92,92,75,75,0.8037,3.8066,0.7383,0.4711,63.7638,66.7864,65.2847,68.1614,287.6548,3068.777,3.3488,2059.6646,2844.8587
2016-03-30 00:21:00,2016-03-30 00:37:00,2.207739428484039,853.5847058823529,28.18681764705882,598.3202352941177,8.49359,2.4839700000000002,591.1091176470588,590.6225294117647,853.9965294117648,85,85,85,85,85,88,88,88,88,0.8296,3.7366,0.7757,1.7058,35.9316,40.0129,36.7306,40.9305,282.3051,2981.1491,2.8748,2056.375,2688.2674
2016-03-30 04:01:00,2016-03-30 04:46:00,7.585109645304101,781.1761956521739,25.745743478260867,595.6439782608696,8.493589999999998,2.48397,588.690543478261,586.5637826086956,781.2168478260871,85,85,85,85,85,88,88,100,100,0.7976,3.5296,0.3544,0.3723,46.7982,49.9754,47.921,51.0173,268.5648,2961.039,3.5532,1925.5954,2840.9737
2016-03-30 12:10:00,2016-03-30 13:35:00,20.830780038449735,796.9236744186047,26.056518604651153,596.8263953488372,7.797829883720928,2.25809,591.7488953488372,592.3306395348837,797.278441860465,85,85,85,60,60,100,100,100,100,26.7538,9.4358,21.5681,19.465,11.3127,8.5509,12.0748,9.0677,277.8442,2810.7538,3.1759,2029.012,2807.9762
2016-03-30 18:57:00,2016-03-30 21:02:00,11.961953410316799,825.3505476190475,26.821710317460322,594.7758333333334,8.708350952380956,2.815170000000002,591.8550714285715,589.705619047619,826.1974920634922,85,85,85,60,60,100,100,76,76,21.713,17.877,21.312,22.0331,13.7366,12.063,18.3029,11.8059,287.5753,2892.7231,3.5576,2108.3151,2806.9388
2016-03-30 23:26:00,2016-03-31 00:01:00,4.769442874522482,849.9180000000001,28.10590277777777,592.9593055555557,9.661170000000004,2.8151699999999997,588.9567222222221,584.9583333333335,849.8317222222224,80,80,80,60,60,62,66,100,100,0.8293,26.879,31.2915,0.2014,26.1748,29.1141,51.4923,29.806,282.8316,2909.4567,3.5337,2127.4364,2800.0051
2016-03-31 00:14:00,2016-03-31 00:26:00,1.6164711071456568,858.4760769230769,28.507099999999998,592.1843076923077,9.66117,2.815170000000001,588.3233846153845,586.5595384615384,858.4854615384615,80,80,80,60,60,62,66,100,100,1.1952,42.2584,36.3858,0.0,19.3423,31.9034,37.8158,19.1462,271.6586,2765.2104,3.1711,2022.1373,2653.6354
2016-03-31 01:26:00,2016-03-31 05:34:00,13.029381784441927,835.7468514056226,27.470759036144575,591.4575381526105,9.196429999999998,2.6762799999999993,584.7574297188755,580.9182530120482,835.5627309236947,80,80,80,60,60,62,66,100,100,1.0923,37.403,40.8305,0.3665,23.7187,20.6958,50.8042,7.7541,289.9317,2847.4128,3.5705,2156.3006,2858.1943
2016-03-31 07:50:00,2016-03-31 08:09:00,12.571202494093404,844.3695500000001,28.070190000000004,599.9281500000001,9.130149,2.7709099999999998,592.74335,594.1656499999999,844.11635,80,80,80,60,60,100,100,100,100,13.0708,14.7787,32.9976,57.9411,14.3033,14.4475,13.985,13.5989,277.266,2850.445,3.0869,2057.3025,2713.477
2016-03-31 19:35:00,2016-03-31 20:59:00,8.994432789492944,841.0693999999999,27.71083647058824,603.347694117647,9.035091764705884,2.8410648235294103,597.6590705882352,599.4443294117646,840.8617647058825,90,90,90,65,65,100,100,70,70,17.3012,6.8143,4.559,68.2536,15.6211,13.0812,14.8946,12.4298,289.2323,3120.7068,3.4152,2130.7522,2823.6803
2016-03-31 22:46:00,2016-03-31 23:58:00,20.346045179923827,823.7084246575344,27.31763698630137,603.8545205479452,8.788073150684932,2.4671899999999996,600.020095890411,598.5272054794522,823.896698630137,90,90,90,65,65,100,100,80,80,10.7611,2.8865,11.988,61.7045,15.4298,9.1537,14.6353,8.2434,283.1183,2940.9223,3.2366,2071.7262,2806.3473
