date,MW,MSP,THRTEMP,YRHRPRS,RRHRPRS,YRHRTEMPT,RRHRTEMPT,MWD2,HHA11,HHA12,HHA13,HHA14,HHA31,HHA32,HHA33,HHA34,HHA51,HHA52,HHA53,HHA54,HHA71,HHA72,HHA73,HHA74,HHA81,HHA82,HHA83,HHA84,HNA01A,HNA01B,HNA02A,HNA02B,TOTALCOAL,TAF,O2,FWFLOW,A09M210SHH,LAE11,LAE12,LAE13,LAE14,LAE21,LAE22,LAE23,LAE24,coalMill,PAB10CT101,PAB10CT103
2016-03-29 08:45:00,809.8510000000001,25.3785,600.736,8.32189,2.15125,593.5740000000001,589.95,809.155,88,88,88,88,88,88,88,88,88,88,88,88,83,83,83,83,84,84,84,84,100,100,80,80,318.86400000000003,2878.02,2.9615400000000003,2127.54,2804.27,2.16728,2.35043,12.7289,11.8132,40.3236,43.1929,39.5299,43.6203,5,13.8719,24.3974
2016-03-29 08:46:00,819.273,25.7204,601.66,8.32189,2.15125,593.8969999999999,590.506,821.5980000000001,88,88,88,88,88,88,88,88,88,88,88,88,83,83,83,83,84,84,84,84,100,100,80,80,331.598,2935.97,2.73077,2174.96,2783.87,5.647130000000001,6.37973,18.8339,20.7265,40.1404,45.2076,39.4078,44.8413,5,13.8719,24.4231
2016-03-29 08:47:00,832.9780000000001,26.1783,603.186,8.32189,2.15125,594.937,591.725,836.916,88,88,88,88,88,88,88,88,88,88,88,88,83,83,83,83,84,84,84,84,100,100,80,80,334.005,2976.82,2.59615,2204.22,2761.59,5.46398,5.76923,23.2906,25.7936,37.8816,42.3993,37.2711,41.5446,5,13.8719,24.4747
2016-03-29 08:48:00,845.826,26.4591,604.488,8.32189,2.15125,596.05,592.999,851.919,88,88,88,88,88,88,88,88,88,88,88,88,83,83,83,83,84,84,84,84,100,100,80,80,338.278,3030.14,2.47436,2252.95,2752.37,3.93773,2.22833,24.3895,28.0525,33.9744,36.5385,32.7534,35.3785,5,13.8719,24.5778
2016-03-29 08:49:00,857.817,26.862,606.159,8.32189,2.15125,597.36,594.4169999999999,855.6560000000001,88,88,88,88,88,88,88,88,88,88,88,88,83,83,83,83,84,84,84,84,100,100,80,80,337.79,3059.3,2.3589700000000002,2281.83,2743.53,3.4493300000000002,2.22833,25.5495,34.5238,28.7851,32.0208,27.8083,31.044,5,13.8719,24.6809
2016-03-29 08:50:00,869.809,27.1551,606.859,8.32189,2.15125,598.508,595.7080000000001,869.155,88,88,88,88,88,88,88,88,88,88,88,88,83,83,83,83,84,84,84,84,100,100,80,80,340.842,3115.68,2.32051,2305.44,2728.72,5.09768,2.22833,25.0,37.5763,22.7411,25.3663,21.8864,24.0232,5,13.8719,24.8098
2016-03-29 08:51:00,875.804,27.5031,606.544,8.32189,2.15125,599.37,596.785,873.132,88,88,88,88,88,88,88,88,88,88,88,88,83,83,83,83,84,84,84,84,100,100,80,80,338.889,3117.97,2.28205,2333.58,2722.24,0.579976,2.22833,22.2527,41.3614,14.8046,18.6508,14.3162,17.674,5,13.8719,24.9645
2016-03-29 08:52:00,880.944,27.8694,605.2669999999999,8.32189,2.15125,599.818,597.7,878.029,88,88,88,88,88,88,88,88,88,88,88,88,83,83,83,83,84,84,84,84,100,100,80,80,335.10400000000004,3120.3,2.1987200000000002,2327.1,2717.85,0.579976,3.3882800000000004,22.1306,50.8242,9.73748,16.5751,9.06593,15.5983,5,13.8719,25.0676
2016-03-29 08:53:00,884.37,28.1685,603.678,8.32189,2.15125,600.375,598.67,883.029,88,88,88,88,88,88,88,88,88,88,88,88,83,83,83,83,84,84,84,84,100,100,80,80,331.64300000000003,3165.79,2.1987200000000002,2342.19,2709.13,0.579976,2.22833,17.3687,53.022,0.0,8.33333,0.641025,7.234430000000001,5,13.8719,25.1449
2016-03-29 08:54:00,890.365,28.4066,602.379,8.32189,2.15125,600.59,599.4590000000001,888.1339999999999,88,88,88,88,88,88,88,88,88,88,88,88,83,83,83,83,84,84,84,84,100,100,80,80,334.12699999999995,3177.8,2.2884599999999997,2347.37,2703.98,0.641025,2.22833,11.3248,50.7631,0.0,0.946277,0.518926,0.0,5,13.8719,25.248
2016-03-29 08:55:00,892.935,28.5775,600.797,8.32189,2.15125,600.806,599.7819999999999,893.03,88,88,88,88,88,88,88,88,88,88,88,88,83,83,83,83,84,84,84,84,100,100,80,80,336.691,3211.65,2.36538,2363.41,2702.48,0.641025,2.22833,4.97558,48.4432,0.0,0.946277,0.518926,0.0,5,13.8719,25.3254
2016-03-29 08:56:00,898.074,28.7485,599.217,8.32189,2.15125,600.806,600.124,898.0310000000001,88,88,88,88,88,88,88,88,88,88,88,88,83,83,83,83,84,84,84,84,100,100,80,80,338.523,3233.89,2.42308,2383.03,2699.13,0.641025,2.22833,0.396825,47.7106,0.0,0.8852270000000001,0.518926,0.0,5,13.8719,25.3769
2016-03-29 08:57:00,903.2130000000001,28.8584,596.865,9.322339999999999,2.15125,600.698,600.231,903.0319999999999,88,88,88,88,88,88,88,88,88,88,88,88,83,83,83,83,84,84,84,84,100,100,80,80,340.842,3293.73,2.5,2397.49,2697.29,0.641025,2.22833,0.335776,43.6203,0.0,0.8852270000000001,0.518926,0.0,5,13.8719,25.4543
2016-03-29 08:58:00,910.066,29.0293,594.559,9.322339999999999,2.15125,600.357,600.339,908.209,88,88,88,88,88,88,88,88,88,88,88,88,83,83,83,83,84,84,84,84,100,100,80,80,341.869,3322.86,2.6089700000000002,2408.45,2696.41,0.641025,2.22833,0.335776,32.7534,0.0,0.8852270000000001,0.518926,0.0,5,13.8719,25.5317
2016-03-29 08:59:00,916.061,29.1453,592.227,9.322339999999999,2.15125,600.034,600.339,918.216,88,88,88,88,88,88,88,88,88,88,88,88,83,83,83,83,84,84,84,84,100,100,80,80,352.80800000000005,3380.4,2.6891,2444.46,2698.72,0.641025,2.22833,0.335776,24.3284,0.0,0.8852270000000001,0.518926,0.0,5,13.8719,25.609
2016-03-29 09:00:00,925.4830000000001,29.2613,590.586,9.322339999999999,2.15125,599.9259999999999,600.321,924.541,88,88,88,88,88,88,88,88,88,88,88,88,83,83,83,83,84,84,84,84,100,100,80,80,356.349,3389.56,2.68269,2478.58,2701.73,0.641025,2.22833,0.335776,17.3687,0.0,0.8852270000000001,0.518926,0.0,5,13.8719,25.7122
2016-03-29 09:01:00,929.7660000000001,29.4322,589.276,9.322339999999999,2.15125,599.9259999999999,600.644,929.645,88,88,88,88,88,88,88,88,88,88,88,88,83,83,83,83,84,84,84,84,100,100,80,80,355.861,3426.17,2.69551,2498.85,2698.55,0.641025,2.22833,0.335776,5.21978,0.0,0.8852270000000001,0.518926,0.0,5,13.8719,25.7895
2016-03-29 09:02:00,933.192,29.6032,588.971,9.322339999999999,2.15125,600.141,600.878,934.5419999999999,88,88,88,88,88,88,88,88,88,88,88,88,83,83,83,83,84,84,84,84,100,100,80,80,353.907,3429.76,2.68269,2510.62,2698.15,0.641025,2.22833,0.335776,0.0,0.0,0.8852270000000001,0.518926,0.0,5,13.8719,25.8669
2016-03-29 09:03:00,938.331,29.7802,589.276,9.322339999999999,2.15125,600.464,601.308,939.543,88,88,88,88,88,88,88,88,88,88,88,88,83,83,83,83,84,84,84,84,100,100,80,80,355.495,3430.73,2.77885,2522.06,2694.73,0.641025,2.22833,0.335776,0.0,0.0,0.8852270000000001,0.518926,0.0,5,13.8719,25.9184
2016-03-29 09:04:00,944.327,29.9695,590.2090000000001,9.322339999999999,2.15125,600.68,601.775,944.544,88,88,88,88,88,88,88,88,88,88,88,88,83,83,83,83,84,84,84,84,100,100,80,80,356.105,3461.88,2.7660299999999998,2527.12,2695.43,0.641025,2.22833,0.335776,0.0,0.0,0.824176,0.518926,0.0,5,13.8719,25.97
2016-03-29 09:05:00,952.0360000000001,30.1465,591.465,9.322339999999999,2.15125,601.129,602.422,949.545,88,88,88,88,88,88,88,88,88,88,88,88,83,83,83,83,84,84,84,84,100,100,80,80,357.32599999999996,3486.37,2.63782,2538.67,2695.3,0.641025,2.22833,3.26618,0.0,0.0,0.824176,0.518926,0.0,5,13.8719,26.0732
2016-03-29 09:06:00,956.318,30.3358,592.73,9.322339999999999,2.15125,601.703,603.409,954.546,88,88,88,88,88,88,88,88,88,88,88,88,83,83,83,83,84,84,84,84,100,100,80,80,358.791,3482.01,2.55449,2549.04,2695.92,0.641025,2.22833,2.10623,0.0,0.0,0.824176,0.518926,0.0,5,13.8719,26.1247
2016-03-29 09:07:00,962.314,30.4457,594.344,9.322339999999999,2.15125,602.242,604.128,959.546,88,88,88,88,88,88,88,88,88,88,88,88,83,83,83,83,84,84,84,84,100,100,80,80,359.402,3501.29,2.56731,2554.97,2695.61,0.641025,2.22833,0.396825,0.0,0.0,0.824176,0.518926,0.0,5,13.8719,26.1763
2016-03-29 09:08:00,964.0269999999999,30.5617,595.582,9.322339999999999,2.15125,602.565,604.756,964.547,88,88,88,88,88,88,88,88,88,88,88,88,83,83,83,83,84,84,84,84,100,100,80,80,359.28,3512.03,2.58013,2559.4,2698.12,0.641025,2.22833,0.335776,0.0,0.0,0.824176,0.518926,0.0,5,13.8719,26.2279
2016-03-29 09:09:00,968.31,30.6288,596.193,9.322339999999999,2.15125,602.673,605.349,969.548,88,88,88,88,88,88,88,88,88,88,88,88,83,83,83,83,84,84,84,84,100,100,80,80,352.564,3512.87,2.58013,2561.11,2699.49,0.641025,2.22833,0.335776,0.0,0.0,0.824176,0.518926,0.0,5,13.8719,26.2795
2016-03-29 09:10:00,974.306,30.6288,596.516,9.322339999999999,2.15125,602.673,605.887,974.132,88,88,88,88,88,88,88,88,88,88,88,88,83,83,83,83,84,84,84,84,100,100,80,80,350.0,3515.2,2.55449,2579.6,2701.98,0.641025,2.22833,0.335776,0.0,0.0,0.824176,0.518926,0.0,5,13.8719,26.3568
2016-03-29 09:11:00,975.1619999999999,30.6288,596.516,9.322339999999999,2.15125,602.332,606.229,974.5089999999999,88,88,88,88,88,88,88,88,88,88,88,88,83,83,83,83,84,84,84,84,100,100,80,80,346.215,3550.41,2.63141,2569.07,2702.16,0.641025,2.22833,0.335776,0.0,0.0,0.824176,0.518926,0.0,5,13.8719,26.4084
2016-03-29 09:12:00,977.732,30.6288,596.516,9.322339999999999,2.15125,601.775,606.229,979.5089999999999,88,88,88,88,88,88,88,88,88,88,88,88,83,83,83,83,84,84,84,84,100,100,80,80,352.19800000000004,3546.21,2.66987,2582.34,2703.73,0.641025,2.22833,0.335776,5.036630000000001,0.0,0.824176,0.518926,0.0,5,13.8719,26.46
2016-03-29 09:13:00,981.158,30.5128,595.87,9.322339999999999,2.15125,601.344,606.336,984.5089999999999,88,88,88,88,88,88,88,88,88,88,88,88,83,83,83,83,84,84,84,84,100,100,80,80,354.39599999999996,3575.05,2.68269,2608.65,2707.25,0.641025,2.22833,2.8388299999999997,0.0,0.0,0.824176,0.518926,0.0,5,13.8719,26.5116
2016-03-29 09:14:00,983.727,30.5128,595.87,9.322339999999999,2.15125,601.129,606.552,984.155,88,88,88,88,88,88,88,88,88,88,88,88,83,83,83,83,84,84,84,84,100,100,80,80,350.48800000000006,3564.05,2.69551,2593.0,2707.53,0.641025,2.22833,2.47253,0.763126,0.0,0.824176,0.518926,0.0,5,13.8719,26.589000000000002
2016-03-29 09:15:00,982.8710000000001,30.5128,596.183,9.322339999999999,2.15125,601.021,607.001,984.155,88,88,88,88,88,88,88,88,88,88,88,88,83,83,83,83,84,84,84,84,100,100,80,80,349.634,3570.48,2.74038,2576.23,2705.4,0.641025,2.22833,0.335776,0.0,0.0,0.824176,0.518926,0.0,5,13.8719,26.589000000000002
2016-03-29 09:16:00,982.0139999999999,30.5128,596.794,9.322339999999999,2.15125,600.788,607.217,984.155,88,88,88,88,88,88,88,88,88,88,88,88,83,83,83,83,84,84,84,84,100,100,80,80,350.0,3569.28,2.8365400000000003,2581.58,2713.09,0.641025,2.22833,0.335776,0.0,0.0,0.8852270000000001,0.518926,0.0,5,13.8719,26.6148
2016-03-29 09:17:00,979.445,30.4579,596.794,9.322339999999999,2.15125,600.554,607.073,984.155,88,88,88,88,88,88,88,88,88,88,88,88,83,83,83,83,84,84,84,84,100,100,80,80,350.855,3577.63,2.9134599999999997,2582.7,2720.42,0.641025,2.28938,0.335776,0.0,0.0,0.824176,0.518926,0.0,5,13.8719,26.6406
2016-03-29 09:18:00,982.8710000000001,30.4579,596.794,9.322339999999999,2.15125,600.339,607.073,984.155,88,88,88,88,88,88,88,88,88,88,88,88,83,83,83,83,84,84,84,84,100,100,72,72,351.343,3576.87,2.88782,2581.0,2720.69,0.641025,2.28938,4.54823,5.89133,0.0,0.824176,0.518926,0.0,5,13.8719,26.6921
2016-03-29 09:19:00,982.0139999999999,30.4579,596.794,9.322339999999999,2.15125,600.68,607.558,984.155,88,88,88,88,88,88,88,88,88,88,88,88,83,83,83,83,84,84,84,84,100,100,72,72,352.19800000000004,3591.86,2.81731,2582.08,2723.12,0.641025,2.22833,5.09768,9.43224,0.0,0.824176,0.518926,0.0,5,13.8719,26.6921
2016-03-29 09:20:00,982.8710000000001,30.4579,598.0880000000001,9.322339999999999,2.15125,601.003,608.025,984.155,88,88,88,88,88,88,88,88,88,88,88,88,83,83,83,83,84,84,84,84,100,100,72,72,352.19800000000004,3593.05,2.85577,2578.99,2725.52,0.641025,2.28938,6.257630000000001,10.8974,0.0,0.824176,0.518926,0.0,5,13.8719,26.6921
2016-03-29 09:21:00,983.727,30.4579,599.4259999999999,9.322339999999999,2.15125,601.452,608.456,984.155,88,88,88,88,88,88,88,88,88,88,88,88,83,83,83,83,84,84,84,84,100,100,72,72,352.44199999999995,3588.21,2.85577,2576.82,2727.73,3.32723,2.28938,9.73748,16.6361,0.0,0.824176,0.518926,0.0,5,13.8719,26.6663
2016-03-29 09:22:00,985.44,30.5128,600.9780000000001,9.322339999999999,2.15125,601.775,608.815,984.155,88,88,88,88,88,88,88,88,88,88,88,88,83,83,83,83,84,84,84,84,100,100,72,72,352.80800000000005,3587.74,2.85577,2568.32,2731.27,2.28938,3.9987800000000004,13.8278,23.2295,0.0,2.65568,1.06837,3.4493300000000002,5,13.8719,26.6921
2016-03-29 09:23:00,986.297,30.5739,601.939,9.322339999999999,2.15125,602.457,609.067,984.155,88,88,88,88,88,88,88,88,88,88,88,88,83,83,83,83,84,84,84,84,100,100,72,72,352.19800000000004,3623.68,2.83013,2573.88,2732.98,2.71673,4.54823,17.5519,32.5092,3.26618,2.89988,0.8852270000000001,2.16728,5,13.8719,26.7437
2016-03-29 09:24:00,988.867,30.6288,602.576,9.322339999999999,2.15125,602.906,609.39,986.926,88,88,88,88,88,88,88,88,88,88,88,88,83,83,83,83,84,84,84,84,100,100,72,72,356.716,3615.78,2.88141,2594.37,2731.15,3.20513,2.35043,19.9328,35.3785,0.0,0.8852270000000001,0.335776,0.091576,5,13.8719,26.7437
2016-03-29 09:25:00,991.436,30.6288,602.881,9.322339999999999,2.15125,603.247,609.606,989.1139999999999,88,88,88,88,88,88,88,88,88,88,88,88,83,83,83,83,84,84,84,84,100,100,72,72,354.379,3603.14,3.00962,2610.39,2731.24,0.641025,2.35043,20.9707,38.1868,0.0,0.8852270000000001,0.335776,0.0,5,13.8719,26.7437
2016-03-29 09:26:00,990.58,30.6288,602.568,9.322339999999999,2.15125,603.355,609.39,989.1139999999999,88,88,88,88,88,88,88,88,88,88,88,88,83,83,83,83,84,84,84,84,100,100,72,72,354.825,3635.28,3.09936,2600.53,2728.23,0.641025,2.35043,21.337,40.9951,0.0,0.8852270000000001,0.335776,0.0,5,13.8719,26.7437
2016-03-29 09:27:00,990.58,30.5739,601.31,9.322339999999999,2.15125,603.355,609.067,989.1139999999999,88,88,88,88,88,88,88,88,88,88,88,88,83,83,83,83,84,84,84,84,100,100,72,72,355.12800000000004,3626.57,3.2948699999999995,2603.15,2722.74,0.641025,2.41148,23.9622,41.3004,0.0,0.8852270000000001,0.396825,0.0,5,13.8719,26.7437
2016-03-29 09:28:00,988.867,30.5739,600.359,9.322339999999999,2.15125,603.355,608.636,989.1139999999999,88,88,88,88,88,88,88,88,88,88,88,88,83,83,83,83,84,84,84,84,100,100,72,72,355.73900000000003,3610.4,3.4134599999999997,2598.67,2719.78,0.641025,2.41148,26.6484,39.4078,0.0,0.8852270000000001,0.396825,0.0,5,13.8719,26.7179
2016-03-29 09:29:00,989.7230000000001,30.5739,599.721,9.322339999999999,2.15125,603.786,608.366,993.2810000000001,88,88,88,88,88,88,88,88,88,88,88,88,83,83,83,83,84,84,84,84,100,100,72,72,359.89,3613.78,3.4551300000000005,2618.57,2718.71,0.641025,2.41148,26.0379,36.1111,0.0,0.8852270000000001,0.396825,0.0,5,13.8719,26.7437
2016-03-29 09:30:00,994.0060000000001,30.5739,599.721,9.322339999999999,2.15125,604.217,608.258,994.115,88,88,88,88,88,88,88,88,88,88,88,88,83,83,83,83,84,84,84,84,100,100,72,72,358.059,3622.07,3.40064,2619.56,2721.07,0.641025,2.41148,29.0904,33.6691,0.0,0.8852270000000001,2.22833,0.0,5,13.8719,26.7953
2016-03-29 09:31:00,997.432,30.6288,599.721,9.322339999999999,2.15125,604.864,608.51,994.115,88,88,88,88,88,88,88,88,88,88,88,88,83,83,83,83,84,84,84,84,100,100,72,72,357.69199999999995,3629.69,3.32051,2614.12,2721.33,0.641025,4.1208800000000005,36.4774,32.6923,3.02198,0.8852270000000001,2.35043,0.0,5,13.8719,26.7953
2016-03-29 09:32:00,996.575,30.6838,600.35,9.322339999999999,2.15125,605.905,608.977,994.115,88,88,88,88,88,88,88,88,88,88,88,88,83,83,83,83,84,84,84,84,100,100,72,72,357.082,3628.96,3.21795,2594.41,2720.31,2.16728,7.9059800000000005,39.7741,36.1722,5.76923,0.8852270000000001,5.21978,0.0,5,13.8719,26.7953
2016-03-29 09:33:00,995.7189999999999,30.7998,601.957,9.322339999999999,2.15125,607.1990000000001,609.893,994.115,88,88,88,88,88,88,88,88,88,88,88,88,83,83,83,83,84,84,84,84,100,100,72,72,355.73900000000003,3654.57,3.1859,2585.41,2722.17,1.67888,8.638580000000001,43.6203,38.2479,7.29548,0.8852270000000001,6.868130000000001,0.0,5,13.8719,26.7953
2016-03-29 09:34:00,995.7189999999999,30.9158,603.536,9.322339999999999,2.15125,608.133,610.558,994.115,85,85,85,85,84,84,84,84,84,84,84,84,83,83,83,83,80,80,80,80,100,100,72,72,355.61699999999996,3631.75,3.23718,2584.51,2724.6,0.641025,9.43224,45.6349,37.9426,5.76923,0.8852270000000001,5.15873,0.0,5,13.8719,26.7953
2016-03-29 09:35:00,994.862,31.0256,604.524,9.322339999999999,2.15125,608.905,610.7919999999999,994.115,85,85,85,85,84,84,84,84,84,84,84,84,78,78,78,78,80,80,80,80,100,100,72,72,354.76199999999994,3611.31,3.28205,2568.83,2732.8,3.08303,16.6361,50.58,39.1636,9.00488,3.5103800000000005,8.33333,3.32723,5,13.8719,26.7695
2016-03-29 09:36:00,995.7189999999999,31.0928,604.8290000000001,9.322339999999999,2.15125,609.5880000000001,611.043,994.115,85,85,85,85,84,84,84,84,84,84,84,84,78,78,78,78,80,80,80,80,100,100,72,72,351.221,3604.95,3.2884599999999997,2579.94,2735.24,0.641025,20.0549,50.1526,42.3993,8.33333,3.02198,7.539680000000001,3.08303,5,13.8719,26.7695
2016-03-29 09:37:00,996.575,31.2149,604.8290000000001,9.322339999999999,2.15125,610.073,611.4209999999999,994.115,85,85,85,85,84,84,84,84,84,84,84,84,78,78,78,78,80,80,80,80,100,100,72,72,349.756,3597.0,3.27564,2557.64,2738.42,6.3186800000000005,25.3663,52.2894,48.7485,12.7289,6.562880000000001,12.1184,5.7081800000000005,5,13.8719,26.7695
2016-03-29 09:38:00,993.1489999999999,31.337,604.485,9.322339999999999,2.15125,610.558,611.888,994.115,85,85,85,85,84,84,84,84,84,84,84,84,78,78,78,78,80,80,80,80,100,100,72,72,349.431,3595.71,3.30449,2557.52,2739.44,6.6239300000000005,29.4567,53.022,52.8999,15.6593,7.78388,15.0488,6.868130000000001,5,13.8719,26.8211
2016-03-29 09:39:00,992.293,31.3919,604.1619999999999,9.322339999999999,2.15125,610.9,612.104,994.115,85,85,85,85,84,84,84,84,84,84,84,84,78,78,78,78,80,80,80,80,100,100,72,72,343.284,3571.59,3.34936,2551.04,2741.85,6.6239300000000005,32.1429,53.022,54.9145,22.8022,13.1563,22.0085,11.9963,5,13.8719,26.8211
2016-03-29 09:40:00,994.0060000000001,31.3919,603.525,9.322339999999999,2.15125,610.9,611.996,994.115,81,81,81,81,80,80,80,80,80,80,80,80,78,78,78,78,80,80,80,80,100,100,72,72,340.476,3544.31,3.46474,2558.49,2745.78,0.579976,31.7155,50.58,52.0452,24.2674,12.2405,23.4737,11.2637,5,13.8719,26.8727
2016-03-29 09:41:00,994.0060000000001,31.337,601.962,9.322339999999999,2.15125,610.576,611.564,994.115,81,81,81,81,80,80,80,80,80,80,80,80,78,78,78,78,80,80,80,80,100,100,72,72,340.23199999999997,3472.28,3.43269,2562.92,2743.67,0.641025,32.8755,48.5653,54.243,26.7094,14.3162,25.9768,13.2173,5,13.8719,26.8211
2016-03-29 09:42:00,993.1489999999999,31.337,600.6519999999999,9.322339999999999,2.15125,610.0369999999999,611.241,994.115,81,81,81,81,80,80,80,80,80,80,80,80,78,78,78,78,80,80,80,80,100,100,72,72,340.35400000000004,3434.89,3.22436,2559.46,2744.3,2.77778,35.1954,46.1233,55.9524,31.5324,18.895,30.6777,17.6129,5,13.8719,26.8211
2016-03-29 09:43:00,994.862,31.337,600.033,9.322339999999999,2.15125,609.804,611.241,994.115,81,81,81,81,80,80,80,80,80,80,80,80,78,78,78,78,80,80,80,80,100,100,72,72,340.11,3445.15,3.0737200000000002,2558.49,2743.59,2.8388299999999997,33.7912,46.0623,58.4554,36.8437,22.0085,35.928000000000004,20.7265,5,13.8719,26.8469
2016-03-29 09:44:00,993.1489999999999,31.2698,600.033,9.322339999999999,2.15125,609.696,611.456,994.115,81,81,81,81,80,80,80,80,80,80,80,80,78,78,78,78,80,80,80,80,100,100,72,72,342.55199999999996,3429.77,3.10256,2549.81,2742.87,0.579976,33.8523,44.0476,57.7228,37.6984,23.9622,37.0269,22.619,5,13.8719,26.9243
2016-03-29 09:45:00,993.1489999999999,31.2698,600.339,9.322339999999999,2.15125,609.5880000000001,611.349,994.115,81,81,81,81,80,80,80,80,80,80,80,80,78,78,78,78,80,80,80,80,100,100,72,72,343.407,3427.81,2.97756,2545.84,2740.56,0.641025,34.5238,43.254,60.2869,40.9341,26.9536,40.2015,26.2821,5,13.8719,26.9501
2016-03-29 09:46:00,994.862,31.2698,601.263,9.322339999999999,2.15125,609.5880000000001,611.349,994.115,81,81,81,81,80,80,80,80,80,80,80,80,78,78,78,78,80,80,80,80,100,100,72,72,342.918,3400.68,2.75641,2531.39,2741.21,5.09768,35.8669,44.6581,64.9878,46.917,31.8987,46.3675,30.6777,5,13.8719,26.9759
2016-03-29 09:47:00,996.575,31.2698,601.9,9.322339999999999,2.15125,609.5880000000001,611.457,994.115,81,81,81,81,80,80,80,80,80,80,80,80,78,78,78,78,80,80,80,80,100,100,72,72,342.918,3399.53,2.67308,2531.42,2744.79,1.98413,33.9133,41.7277,67.1245,47.9548,34.707,47.4054,33.3639,5,13.8719,26.9501
2016-03-29 09:48:00,993.1489999999999,31.2698,602.528,9.322339999999999,2.15125,609.5880000000001,611.672,994.115,81,81,81,81,80,80,80,80,80,80,80,80,78,78,78,78,80,80,80,80,100,100,72,72,342.67400000000004,3383.23,2.67308,2522.59,2744.7,0.641025,33.3639,38.2479,69.3223,47.3443,36.8437,46.4896,35.4396,5,13.8719,26.9501
2016-03-29 09:49:00,993.1489999999999,31.2149,602.8330000000001,9.322339999999999,2.15125,609.372,611.672,994.115,81,81,81,81,80,80,80,80,80,80,80,80,78,78,78,78,80,80,80,80,100,100,72,72,343.039,3382.91,2.6987200000000002,2525.78,2741.5,0.641025,31.9597,37.8816,73.1685,49.2369,39.7741,48.5653,38.0647,5,13.8719,26.9759
2016-03-29 09:50:00,994.0060000000001,31.2149,602.501,9.322339999999999,2.15125,608.923,611.457,994.115,81,81,81,81,80,80,80,80,80,80,80,80,78,78,78,78,80,80,80,80,100,100,72,72,343.284,3384.63,2.6859,2534.5,2741.71,0.641025,27.1978,32.0208,71.2149,48.3211,38.7363,47.3443,37.3932,5,13.8719,26.9501
2016-03-29 09:51:00,993.1489999999999,31.1477,601.263,9.322339999999999,2.15125,608.2769999999999,611.133,994.115,81,81,81,81,80,80,80,80,80,80,80,80,78,78,78,78,80,80,80,80,100,100,72,72,342.67400000000004,3374.08,2.73718,2533.38,2739.32,0.763126,22.7411,26.0379,70.4212,48.5653,39.1026,47.8327,37.5763,5,13.8976,26.9243
2016-03-29 09:52:00,994.862,31.0256,599.683,9.322339999999999,2.15125,607.432,610.612,994.115,81,81,81,81,80,80,80,80,80,80,80,80,78,78,78,78,80,80,80,80,100,100,72,72,344.139,3390.24,2.76282,2540.38,2738.64,0.763126,17.5519,21.2759,66.8193,47.9548,39.591,47.2222,38.37,5,13.8976,26.8985
2016-03-29 09:53:00,993.1489999999999,30.9035,598.391,9.322339999999999,2.15125,606.66,610.289,994.115,81,81,81,81,80,80,80,80,80,80,80,80,78,78,78,78,80,80,80,80,100,100,72,72,349.634,3386.35,2.73718,2555.59,2738.55,0.641025,8.76068,13.5836,63.5226,45.9402,38.7973,45.2076,37.6984,5,13.8976,26.9501
2016-03-29 09:54:00,994.862,30.7937,596.82,9.322339999999999,2.15125,605.798,609.839,994.115,81,81,81,81,80,80,80,80,80,80,80,80,78,78,78,78,80,80,80,80,100,100,72,72,354.151,3382.74,2.82051,2570.5,2731.21,0.641025,2.5335799999999997,3.26618,55.1587,42.2161,35.6227,41.5446,34.4628,5,13.8719,26.9501
2016-03-29 09:55:00,994.0060000000001,30.7326,596.174,9.322339999999999,2.15125,604.9780000000001,609.379,994.115,81,81,81,81,80,80,80,80,80,80,80,80,78,78,78,78,80,80,80,80,100,100,72,72,355.861,3399.27,2.77564,2565.14,2727.35,0.641025,2.5335799999999997,0.518926,49.8474,43.7424,37.0879,42.8877,36.1111,5,13.8719,26.9501
2016-03-29 09:56:00,994.862,30.6777,595.556,9.322339999999999,2.15125,604.547,609.145,994.115,81,81,81,81,80,80,80,80,80,80,80,80,78,78,78,78,80,80,80,80,100,100,72,72,355.73900000000003,3391.41,2.77564,2573.35,2724.11,0.641025,2.41148,0.335776,45.2686,41.6667,37.21,40.9341,35.989000000000004,5,13.8976,26.9759
2016-03-29 09:57:00,994.0060000000001,30.6777,595.556,9.322339999999999,2.15125,604.224,609.145,994.115,81,81,81,81,80,80,80,80,80,80,80,80,78,78,78,78,80,80,80,80,100,100,72,72,355.983,3428.61,2.72436,2571.29,2720.44,0.641025,2.41148,0.335776,40.6288,40.1404,37.149,39.2247,35.8669,5,13.8976,27.0017
2016-03-29 09:58:00,994.0060000000001,30.6227,596.489,9.322339999999999,2.15125,604.116,609.145,994.115,81,81,81,81,80,80,80,80,80,80,80,80,78,78,78,78,80,80,80,80,100,100,72,72,356.227,3434.04,2.77564,2582.11,2717.69,0.641025,2.41148,0.335776,32.326,37.4542,34.8901,36.3553,33.7912,5,13.8976,26.9759
2016-03-29 09:59:00,993.1489999999999,30.6227,596.489,9.322339999999999,2.15125,603.793,609.038,994.115,81,81,81,81,80,80,80,80,80,80,80,80,78,78,78,78,80,80,80,80,100,100,72,72,356.824,3434.93,2.85256,2586.43,2715.94,0.641025,2.41148,0.335776,21.7033,32.5092,31.2882,31.8376,29.9451,5,13.8976,26.9501
2016-03-29 10:00:00,992.293,30.5617,596.184,9.322339999999999,2.15125,603.219,608.696,994.115,81,81,81,81,80,80,80,80,80,80,80,80,78,78,78,78,80,80,80,80,100,100,72,72,357.32599999999996,3453.02,2.8910299999999998,2587.52,2718.27,0.641025,2.41148,0.335776,15.4151,30.7387,31.105,30.0061,29.823,5,13.8976,26.9759
2016-03-29 10:01:00,994.0060000000001,30.5617,595.251,9.322339999999999,2.15125,602.788,608.57,994.115,81,81,81,81,80,80,80,80,80,80,80,80,78,78,78,78,80,80,80,80,100,100,72,72,357.56300000000005,3446.89,2.80769,2587.6,2718.36,0.641025,2.5335799999999997,1.5567799999999998,8.94384,32.2039,31.8376,31.3492,30.7387,5,13.8976,26.9759
2016-03-29 10:02:00,994.862,30.5617,595.251,9.322339999999999,2.15125,602.68,608.57,994.115,81,81,81,81,80,80,80,80,80,80,80,80,78,78,78,78,80,80,80,80,100,100,72,72,357.814,3465.69,2.71795,2594.86,2719.64,0.641025,2.47253,1.19048,0.0,31.1661,30.5556,30.2503,29.4567,5,13.8976,27.0017
2016-03-29 10:03:00,994.862,30.5617,595.879,9.322339999999999,2.15125,602.788,608.696,994.115,81,81,81,81,80,80,80,80,80,80,80,80,78,78,78,78,80,80,80,80,100,100,72,72,358.54699999999997,3469.71,2.69231,2597.08,2719.64,0.641025,2.47253,0.946277,0.0,30.3724,28.9072,29.1514,27.8083,5,13.8976,27.0274
2016-03-29 10:04:00,994.0060000000001,30.5617,596.866,9.322339999999999,2.15125,603.003,608.804,994.115,81,81,81,81,80,80,80,80,80,80,80,80,78,78,78,78,80,80,80,80,100,100,72,72,357.814,3479.3,2.71795,2591.89,2716.33,0.641025,2.47253,2.0451799999999998,1.12943,29.884,29.0293,29.1514,28.0525,5,13.8976,27.079
2016-03-29 10:05:00,997.432,30.6227,598.131,9.322339999999999,2.15125,603.219,609.127,994.115,81,81,81,81,80,80,80,80,80,80,80,80,78,78,78,78,80,80,80,80,100,100,68,68,357.57,3506.53,2.71795,2585.69,2717.17,0.641025,2.5335799999999997,0.457875,1.0073299999999998,29.0293,27.9915,28.1746,26.6484,5,13.8976,27.0532
2016-03-29 10:06:00,995.7189999999999,30.6777,599.091,9.322339999999999,2.15125,603.434,609.379,994.115,81,81,81,81,80,80,80,80,80,80,80,80,78,78,78,78,80,80,80,80,100,100,68,68,357.44800000000004,3520.82,2.75,2590.37,2717.48,0.641025,2.65568,0.335776,0.0,26.6484,27.2589,25.5495,26.16,5,13.8976,27.0532
2016-03-29 10:07:00,994.862,30.7326,599.7280000000001,9.322339999999999,2.15125,603.775,609.379,994.115,81,81,81,81,80,80,80,80,80,80,80,80,78,78,78,78,80,80,80,80,100,100,68,68,357.32599999999996,3489.47,2.6987200000000002,2582.76,2719.66,0.641025,3.7545800000000003,7.72283,7.17338,30.1893,31.044,29.0904,29.7619,5,13.8976,27.0532
2016-03-29 10:08:00,996.575,30.9035,600.68,9.322339999999999,2.15125,604.475,609.72,994.115,81,81,81,81,80,80,80,80,80,80,80,80,78,78,78,78,80,80,80,80,100,100,68,68,356.461,3491.61,2.6859,2578.84,2717.95,0.641025,6.19658,16.2088,12.7289,33.6691,33.3028,32.7534,32.2039,5,13.9233,27.0274
2016-03-29 10:09:00,995.7189999999999,31.0195,602.2959999999999,9.322339999999999,2.15125,605.248,610.295,994.115,81,81,81,81,80,80,80,80,80,80,80,80,78,78,78,78,80,80,80,80,100,100,68,68,355.61699999999996,3532.7,2.66026,2572.95,2718.67,3.08303,6.0134300000000005,17.3687,16.8193,34.4017,32.6923,33.486,31.8376,5,13.9233,27.0532
2016-03-29 10:10:00,996.575,31.1416,603.535,9.322339999999999,2.15125,605.9119999999999,610.87,994.115,81,81,81,81,80,80,80,80,80,80,80,80,78,78,78,78,80,80,80,80,100,100,68,68,354.273,3527.03,2.64744,2564.31,2725.52,0.641025,6.80708,17.2466,18.1624,32.0818,32.6923,30.9219,31.3492,5,13.9233,27.0274
2016-03-29 10:11:00,994.862,31.2576,604.172,9.322339999999999,2.15125,606.3430000000001,610.9780000000001,994.115,81,81,81,81,80,80,80,80,80,80,80,80,78,78,78,78,80,80,80,80,100,100,68,68,353.663,3528.36,2.6859,2562.18,2730.93,2.10623,7.9059800000000005,22.619,24.6337,33.9133,34.0354,32.8755,33.3028,5,13.9233,27.0017
2016-03-29 10:12:00,997.432,31.3126,604.172,9.322339999999999,2.15125,606.691,610.9780000000001,994.115,81,81,81,81,80,80,80,80,80,80,80,80,78,78,78,78,80,80,80,80,100,100,68,68,353.541,3541.83,2.7339700000000002,2557.98,2732.82,1.98413,8.21123,28.5409,30.8608,37.4542,34.5238,36.5995,34.5238,5,13.9233,27.0017
2016-03-29 10:13:00,996.575,31.4347,603.525,9.322339999999999,2.15125,607.015,610.9780000000001,994.115,81,81,81,81,80,80,80,80,80,80,80,80,78,78,78,78,80,80,80,80,100,100,68,68,353.148,3535.58,2.74359,2541.73,2735.8,3.4493300000000002,9.61538,32.5702,38.2479,40.6288,36.7827,39.8352,36.8437,5,13.9233,27.0274
2016-03-29 10:14:00,996.575,31.4896,603.525,9.322339999999999,2.15125,607.3380000000001,611.0930000000001,994.115,81,81,81,81,80,80,80,80,80,80,80,80,78,78,78,78,80,80,80,80,100,100,68,68,351.832,3528.88,2.74359,2531.71,2742.6,3.3882800000000004,11.2637,34.2186,41.6667,42.3993,38.5531,41.6667,38.7363,5,13.8976,27.0017
2016-03-29 10:15:00,996.575,31.4896,603.525,9.322339999999999,2.15125,607.661,610.985,994.115,81,81,81,81,80,80,80,80,80,80,80,80,78,78,78,78,80,80,80,80,100,100,68,68,351.587,3516.35,2.82051,2534.67,2748.27,3.5103800000000005,8.028080000000001,36.5385,44.8413,43.4982,38.0037,42.5824,38.0037,5,13.9233,27.0017
2016-03-29 10:16:00,997.432,31.4896,603.22,9.322339999999999,2.15125,607.769,610.661,994.115,81,81,81,81,80,80,80,80,80,80,80,80,78,78,78,78,80,80,80,80,100,100,68,68,351.221,3547.05,2.9487200000000002,2539.14,2754.26,0.641025,6.868130000000001,37.7595,48.8706,44.4139,39.8352,43.5592,40.0794,5,13.8976,26.9759
2016-03-29 10:17:00,996.575,31.4896,602.6,9.322339999999999,2.15125,607.769,610.23,994.115,81,81,81,81,80,80,80,80,80,80,80,80,78,78,78,78,80,80,80,80,100,100,68,68,351.099,3539.8,2.92308,2535.76,2760.2,0.641025,6.44078,39.2247,51.3736,46.3065,41.3614,45.6349,41.6667,5,13.9233,27.0017
2016-03-29 10:18:00,994.862,31.4896,601.972,9.322339999999999,2.15125,607.877,610.015,994.115,81,81,81,81,80,80,80,80,80,80,80,80,78,78,78,78,80,80,80,80,100,100,68,68,350.48800000000006,3542.1,2.99038,2528.13,2760.25,0.641025,4.67033,38.8584,55.5861,47.7106,43.3761,46.978,43.5592,5,13.9233,26.9759
2016-03-29 10:19:00,1000.0,31.5568,601.649,9.322339999999999,2.15125,608.111,609.9069999999999,994.115,81,81,81,81,80,80,80,80,80,80,80,80,78,78,78,78,78,78,78,78,100,100,68,68,342.918,3559.6,2.88462,2510.6,2764.53,5.46398,9.371189999999999,44.2308,61.5079,53.9988,48.8095,53.6935,49.1148,5,13.8976,26.9501
2016-03-29 10:20:00,996.575,31.5568,601.999,9.322339999999999,2.15125,608.649,610.015,994.115,81,81,81,81,80,80,80,80,80,80,80,80,78,78,78,78,78,78,78,78,100,100,68,68,340.35400000000004,3531.26,2.88462,2514.84,2767.27,0.641025,9.06593,40.873000000000005,61.4469,54.1819,48.8095,52.8388,49.358999999999995,5,13.8976,26.9759
2016-03-29 10:21:00,998.288,31.5568,602.313,9.322339999999999,2.15125,608.883,609.997,994.115,81,81,81,81,80,80,80,80,80,80,80,80,78,78,78,78,78,78,78,78,100,100,68,68,339.866,3508.63,2.9359,2513.45,2767.2,0.641025,7.78388,37.8816,63.1563,53.6325,49.2979,53.2662,49.6642,5,13.8976,27.0274
2016-03-29 10:22:00,997.432,31.5568,602.313,9.322339999999999,2.15125,608.991,609.745,994.115,81,81,81,81,80,80,80,80,80,80,80,80,78,78,78,78,78,78,78,78,100,100,68,68,338.708,3501.87,2.96795,2505.64,2767.55,0.641025,8.39439,37.6984,65.5983,55.7082,50.641000000000005,55.0977,51.1905,5,13.8976,27.0274
2016-03-29 10:23:00,995.7189999999999,31.5568,601.7,9.322339999999999,2.15125,608.883,609.368,994.115,81,81,81,81,80,80,80,80,80,80,80,80,73,73,73,73,73,73,73,73,100,100,68,68,338.034,3510.16,2.98077,2506.74,2770.66,0.641025,5.7081800000000005,35.8059,63.2784,56.8681,50.7631,56.5629,51.3126,5,13.8976,27.0017
2016-03-29 10:24:00,993.1489999999999,31.5568,600.435,9.322339999999999,2.15125,608.559,609.045,994.115,81,81,81,81,80,80,80,80,80,80,80,80,68,68,68,68,70,70,70,70,100,100,68,68,338.156,3509.43,3.05769,2511.25,2774.68,0.641025,2.71673,31.5324,60.7753,57.3565,50.0305,57.3565,50.2747,5,13.8976,27.0274
2016-03-29 10:25:00,994.0060000000001,31.4347,599.51,9.322339999999999,2.15125,608.128,608.577,994.115,81,81,81,81,80,80,80,80,80,80,80,80,68,68,68,68,70,70,70,70,100,100,68,68,338.4,3485.09,3.19551,2523.76,2771.63,0.641025,2.71673,25.5495,57.5397,56.1355,49.2979,55.525,49.9084,5,13.9233,27.0017
2016-03-29 10:26:00,992.293,31.3126,598.244,9.322339999999999,2.15125,607.536,608.11,994.115,81,81,81,81,80,80,80,80,80,80,80,80,68,68,68,68,70,70,70,70,100,100,68,68,339.01099999999997,3468.19,3.3717900000000003,2529.67,2763.04,0.641025,2.71673,18.895,52.2894,52.5336,48.199,52.0452,48.8095,5,13.8976,26.9501
2016-03-29 10:27:00,994.0060000000001,31.1905,597.311,9.322339999999999,2.15125,606.835,607.607,994.115,81,81,81,81,80,80,80,80,80,80,80,80,68,68,68,68,70,70,70,70,100,100,68,68,342.55199999999996,3406.33,3.42308,2534.83,2753.87,0.641025,2.71673,15.4151,46.4896,52.4115,47.8327,51.9841,48.3211,5,13.8976,27.0017
2016-03-29 10:28:00,993.1489999999999,31.0684,596.611,9.322339999999999,2.15125,606.2959999999999,607.284,994.115,81,81,81,81,80,80,80,80,80,80,80,80,68,68,68,68,70,70,70,70,100,100,68,68,343.529,3400.58,3.33333,2542.06,2749.77,0.641025,2.65568,10.7753,43.7424,52.8999,48.8095,52.7778,49.358999999999995,5,13.8976,27.0274
2016-03-29 10:29:00,994.0060000000001,30.8974,596.611,9.322339999999999,2.15125,605.811,607.068,994.115,81,81,81,81,80,80,80,80,80,80,80,80,68,68,68,68,70,70,70,70,100,100,68,68,344.017,3368.68,3.2948699999999995,2560.07,2741.07,0.641025,2.65568,0.457875,35.2564,47.3443,44.0476,46.7338,44.5971,5,13.8976,27.0017
2016-03-29 10:30:00,995.7189999999999,30.8303,596.611,9.322339999999999,2.15125,605.369,606.9680000000001,994.115,81,81,81,81,80,80,80,80,80,80,80,80,68,68,68,68,70,70,70,70,100,100,68,68,346.337,3346.39,3.19231,2562.29,2732.29,0.641025,2.77778,4.54823,31.7766,48.3211,44.2308,47.9548,44.9023,5,13.9233,26.9759
2016-03-29 10:31:00,994.862,30.7753,596.9259999999999,9.322339999999999,2.15125,605.261,606.86,994.115,81,81,81,81,80,80,80,80,80,80,80,80,68,68,68,68,70,70,70,70,100,100,68,68,349.87800000000004,3336.5,3.0384599999999997,2562.31,2727.15,0.641025,2.59463,2.41148,24.8168,45.2076,41.6667,44.9023,42.2161,5,13.9233,27.0274
2016-03-29 10:32:00,993.1489999999999,30.7204,597.24,9.322339999999999,2.15125,605.154,606.644,994.115,81,81,81,81,80,80,80,80,80,80,80,80,68,68,68,68,70,70,70,70,100,100,68,68,350.0,3341.61,3.01282,2568.5,2716.86,0.641025,2.59463,0.457875,17.9182,41.7888,38.8584,40.9951,39.4078,5,13.9233,27.0017
2016-03-29 10:33:00,993.1489999999999,30.6593,597.859,9.322339999999999,2.15125,605.0459999999999,606.5369999999999,994.115,81,81,81,81,80,80,80,80,80,80,80,80,68,68,68,68,70,70,70,70,100,100,68,68,350.855,3323.33,2.92308,2571.62,2715.39,0.702076,2.59463,0.457875,16.1477,40.3236,38.8584,39.591,39.3468,5,13.9233,26.9501
2016-03-29 10:34:00,993.1489999999999,30.6593,598.496,9.322339999999999,2.15125,605.0459999999999,606.5369999999999,994.115,81,81,81,81,80,80,80,80,80,80,80,80,68,68,68,68,70,70,70,70,100,100,68,68,353.41900000000004,3316.7,2.71795,2567.24,2714.53,0.641025,4.1208800000000005,2.71673,12.7289,41.9109,39.7741,41.4225,40.0183,5,13.9233,26.9501
2016-03-29 10:35:00,995.7189999999999,30.6593,599.43,9.322339999999999,2.15125,605.261,606.788,994.115,81,81,81,81,80,80,80,80,80,80,80,80,68,68,68,68,70,70,70,70,100,100,68,68,353.785,3320.59,2.64744,2576.87,2708.26,0.702076,2.71673,4.1208800000000005,10.6532,39.591,38.6752,38.9805,38.9194,5,13.9233,27.0017
2016-03-29 10:36:00,994.0060000000001,30.6593,600.435,9.322339999999999,2.15125,605.477,607.058,994.115,81,81,81,81,80,80,80,80,80,80,80,80,68,68,68,68,70,70,70,70,100,100,68,68,353.05300000000005,3326.01,2.64423,2584.35,2703.49,0.702076,2.71673,1.25153,2.59463,36.2943,34.2186,35.0122,34.8291,5,13.9233,27.0017
2016-03-29 10:37:00,993.1489999999999,30.6593,601.081,9.322339999999999,2.15125,605.585,607.058,990.5089999999999,81,81,81,81,80,80,80,80,80,80,80,80,68,68,68,68,70,70,70,70,100,100,68,68,348.901,3355.2,2.64744,2551.41,2704.18,0.702076,2.71673,4.1208800000000005,0.0,35.5006,33.2418,34.9512,33.6081,5,13.9233,26.9759
2016-03-29 10:38:00,988.01,30.6593,601.405,9.322339999999999,2.15125,605.585,606.842,980.8480000000001,81,81,81,81,80,80,80,80,80,80,80,80,68,68,68,68,70,70,70,70,100,100,68,68,341.941,3351.84,2.6217900000000003,2528.05,2702.72,0.702076,2.71673,1.25153,0.0,31.4713,30.8608,30.3114,31.2271,5,13.9233,26.9501
2016-03-29 10:39:00,973.449,30.8547,601.405,9.322339999999999,2.15125,605.4590000000001,606.609,970.842,81,81,81,81,80,80,80,80,80,80,80,80,68,68,68,68,70,70,70,70,100,100,68,68,335.559,3339.79,2.66026,2492.61,2704.97,0.702076,2.71673,0.457875,0.0,29.884,0.0,28.9683,29.1514,5,13.9233,26.9243
2016-03-29 10:40:00,964.0269999999999,30.9768,601.405,9.322339999999999,2.15125,605.351,606.285,963.5989999999999,81,81,81,81,80,80,80,80,80,80,80,80,68,68,68,68,70,70,70,70,100,100,68,68,334.249,3312.74,2.71795,2460.84,2712.32,0.702076,2.8388299999999997,3.32723,0.0,30.6166,28.2967,29.6398,28.663,5,13.9233,26.8469
2016-03-29 10:41:00,960.6010000000001,31.0317,601.405,9.322339999999999,2.15125,605.351,606.07,958.703,81,81,81,81,80,80,80,80,80,80,80,80,68,68,68,68,70,70,70,70,100,100,68,68,335.348,3300.12,2.66667,2438.91,2723.44,0.702076,7.234430000000001,6.6239300000000005,3.6935300000000004,32.6313,31.4713,31.7766,31.8987,5,13.9233,26.7953
2016-03-29 10:42:00,955.462,31.0317,601.405,9.322339999999999,2.15125,605.573,605.951,953.702,81,81,81,81,80,80,80,80,80,80,80,80,68,68,68,68,70,70,70,70,100,100,68,68,334.12699999999995,3316.74,2.72436,2434.56,2734.18,0.702076,7.41758,9.06593,7.66178,33.6081,32.2039,32.6923,32.6313,5,13.8976,26.7953
2016-03-29 10:43:00,951.179,31.0317,602.015,9.322339999999999,2.15125,605.681,605.8430000000001,949.155,81,81,81,81,80,80,80,80,80,80,80,80,68,68,68,68,70,70,70,70,100,100,68,68,333.76099999999997,3306.53,2.77564,2424.04,2739.89,3.08303,8.82174,15.4151,16.1477,37.21,35.8059,36.4164,36.2332,5,13.9233,26.7437
2016-03-29 10:44:00,946.8969999999999,31.1477,602.661,9.322339999999999,2.15125,605.789,605.735,942.2660000000001,81,81,81,81,80,80,80,80,80,80,80,80,68,68,68,68,70,70,70,70,100,100,68,68,317.888,3274.82,2.77564,2383.85,2745.21,3.5103800000000005,13.0952,22.8022,21.7033,40.9341,39.4689,40.4457,39.591,5,13.9233,26.6663
2016-03-29 10:45:00,934.049,31.2698,603.595,9.322339999999999,2.15125,605.8969999999999,605.735,932.263,81,81,81,81,80,80,80,80,80,80,80,80,68,68,68,68,70,70,70,70,100,100,68,68,310.26,3228.77,2.7884599999999997,2331.43,2752.95,0.702076,14.5604,24.2064,26.16,40.873000000000005,41.1783,40.4457,41.5446,5,13.8976,26.589000000000002
2016-03-29 10:46:00,924.627,31.2149,604.215,9.322339999999999,2.15125,606.004,605.394,922.05,81,81,81,81,80,80,80,80,80,80,80,80,68,68,68,68,70,70,70,70,100,100,68,68,303.60200000000003,3157.24,2.9262799999999998,2290.26,2766.23,0.702076,12.9731,27.8083,30.3114,41.7277,41.9719,41.9719,42.2772,5,13.9233,26.5374
2016-03-29 10:47:00,915.205,31.0317,604.368,9.459710000000001,2.79533,605.735,604.945,919.155,81,81,81,81,80,80,80,80,80,80,80,80,68,68,68,68,70,70,70,70,100,100,68,68,304.335,3119.04,3.0737200000000002,2262.01,2778.31,0.702076,14.5604,30.8608,35.8669,43.1319,43.8645,43.9255,44.4139,5,13.9233,26.4858
2016-03-29 10:48:00,915.205,30.7326,603.434,9.459710000000001,2.79533,605.304,604.0830000000001,919.155,81,81,81,81,80,80,80,80,80,80,80,80,68,68,68,68,70,70,70,70,100,100,68,68,312.149,3090.04,3.18269,2282.88,2785.91,2.47253,16.5751,35.5617,40.9341,45.3907,45.8791,46.0623,46.8559,5,13.9233,26.3826
2016-03-29 10:49:00,917.7739999999999,30.4884,601.836,9.459710000000001,2.79533,604.64,603.203,919.155,81,81,81,81,80,80,80,80,80,80,80,80,68,68,68,68,70,70,70,70,100,100,76,76,320.69599999999997,3102.48,3.1762799999999998,2303.4,2791.27,3.32723,20.9096,40.3236,51.4347,50.7631,51.861999999999995,51.861999999999995,52.2894,5,13.9233,26.3568
2016-03-29 10:50:00,921.201,30.4335,601.207,9.459710000000001,2.79533,604.173,602.736,919.155,81,81,81,81,80,80,80,80,80,80,80,80,68,68,68,68,70,70,70,70,100,100,76,76,322.772,3087.31,3.00962,2301.04,2785.35,5.341880000000001,24.2674,45.2686,60.1648,56.8071,57.4786,57.7839,58.2112,5,13.9233,26.3053
2016-03-29 10:51:00,917.7739999999999,30.5433,601.521,9.459710000000001,2.79533,604.173,602.736,919.155,81,81,81,81,80,80,80,80,80,80,80,80,68,68,68,68,70,70,70,70,100,100,76,76,321.42900000000003,3102.79,2.78205,2282.76,2781.69,10.0427,29.2125,48.0769,71.2759,63.2173,64.9878,64.5604,65.4151,5,13.9233,26.2795
2016-03-29 10:52:00,923.77,30.6044,603.111,9.459710000000001,2.79533,604.496,603.078,919.155,81,81,81,81,80,80,80,80,80,80,80,80,68,68,68,68,70,70,70,70,100,100,76,76,321.551,3088.67,2.6089700000000002,2272.71,2782.29,13.5836,31.5934,52.1673,79.2125,69.4445,69.8718,71.0317,70.116,5,13.9233,26.2537
2016-03-29 10:53:00,925.4830000000001,30.6593,605.068,9.459710000000001,2.79533,605.322,603.634,919.155,81,81,81,81,80,80,80,80,80,80,80,80,68,68,68,68,70,70,70,70,100,100,76,76,320.923,3131.69,2.44231,2249.0,2789.64,22.9853,38.5531,55.4029,92.4603,78.663,78.9683,80.1282,79.1514,5,13.9233,26.2021
2016-03-29 10:54:00,925.4830000000001,30.6593,607.008,9.459710000000001,2.79533,606.245,604.305,919.155,81,81,81,81,80,80,80,80,80,80,80,80,68,68,68,68,70,70,70,70,100,100,76,76,309.658,3200.8,2.44231,2248.46,2797.03,29.823,42.1551,55.0977,99.42,83.3639,84.4628,85.0733,84.70700000000001,5,13.9233,26.2021
2016-03-29 10:55:00,926.34,30.7143,607.9590000000001,9.459710000000001,2.79533,606.856,604.7719999999999,919.155,81,81,81,81,80,80,80,80,80,80,80,80,68,68,68,68,70,70,70,70,100,100,76,76,307.875,3229.08,2.55769,2241.64,2806.69,31.7155,43.7424,53.3272,99.6032,86.4164,88.1868,87.8205,88.37,5,13.9233,26.2279
2016-03-29 10:56:00,925.4830000000001,30.7143,607.322,9.459710000000001,2.79533,607.071,604.88,919.155,81,81,81,81,80,80,80,80,80,80,80,80,68,68,68,68,70,70,70,70,100,100,76,76,307.875,3245.4,2.74359,2244.02,2814.62,38.7973,45.4518,55.0977,98.5043,92.3382,92.9487,94.1697,93.0098,5,13.9233,26.2537
2016-03-29 10:57:00,919.487,30.7143,605.409,9.459710000000001,2.79533,606.73,604.6469999999999,912.4010000000001,81,81,81,81,80,80,80,80,80,80,80,80,68,68,68,68,70,70,70,70,100,100,76,76,299.939,3243.25,2.86538,2213.9,2823.75,43.1319,46.5507,53.083,98.4432,98.0769,98.9927,99.7253,99.4811,5,13.9233,26.2279
2016-03-29 10:58:00,910.922,30.7753,602.706,9.459710000000001,2.79533,606.0830000000001,604.269,909.155,81,81,81,81,80,80,80,80,80,80,80,80,68,68,68,68,70,70,70,70,100,100,76,76,297.236,3236.34,3.08974,2210.37,2820.4,36.8437,42.1551,46.7949,93.0098,98.2601,99.0537,99.8474,100.09200000000001,5,13.9233,26.2021
2016-03-29 10:59:00,910.066,30.5922,600.121,9.459710000000001,2.79533,605.275,603.4069999999999,904.8510000000001,81,81,81,81,80,80,80,80,80,80,80,80,68,68,68,68,70,70,70,70,100,100,76,76,292.369,3201.21,3.30769,2207.55,2819.86,30.6166,38.1868,42.4603,86.1722,98.2601,99.0537,99.9695,100.15299999999999,5,13.9233,26.1505
2016-03-29 11:00:00,904.07,30.4823,597.5,9.459710000000001,2.79533,604.144,602.581,899.85,81,81,81,81,80,80,80,80,80,80,80,80,68,68,68,68,70,70,70,70,100,100,76,76,295.055,3189.0,3.57051,2200.3,2816.36,20.4823,28.7241,34.1575,78.1135,98.3211,99.1148,99.9695,100.15299999999999,5,13.9233,26.1247
2016-03-29 11:01:00,897.2180000000001,30.3663,595.903,9.459710000000001,2.79533,602.977,601.684,894.85,81,81,81,81,80,80,80,80,80,80,80,80,68,68,68,68,70,70,70,70,100,100,76,76,295.421,3167.82,3.7115400000000003,2184.26,2814.59,10.2259,21.0928,27.5031,69.9939,98.3211,99.1148,99.9695,99.359,5,13.9233,26.099
2016-03-29 11:02:00,892.935,30.1893,594.656,9.459710000000001,2.79533,601.971,601.019,889.85,81,81,81,81,80,80,80,80,80,80,80,80,68,68,68,68,70,70,70,70,100,100,76,76,293.904,3170.12,3.80769,2175.68,2815.53,0.763126,11.8742,21.8254,59.5543,98.3211,99.1148,99.9695,99.42,5,13.9233,26.0732
2016-03-29 11:03:00,883.513,30.0183,594.0459999999999,9.459710000000001,2.79533,601.146,600.409,875.659,81,81,81,81,80,80,80,80,80,80,80,80,68,68,68,68,70,70,70,70,100,100,76,76,282.47900000000004,3137.73,3.8846199999999995,2133.53,2819.72,0.763126,3.08303,13.8278,46.4286,94.536,99.1148,97.0391,97.1612,5,13.9233,26.0216
2016-03-29 11:04:00,870.665,29.9023,594.0459999999999,9.459710000000001,2.79533,600.571,599.763,860.653,81,81,81,81,80,80,80,80,80,80,80,80,68,68,68,68,70,70,70,70,100,100,76,76,276.374,3072.62,3.9359,2090.61,2826.11,0.763126,3.08303,6.13553,34.768,93.9255,98.9927,96.0623,97.8327,5,13.9233,25.9442
2016-03-29 11:05:00,860.387,29.6581,594.396,9.459710000000001,2.79533,600.14,599.189,850.183,81,81,81,81,80,80,80,80,80,80,80,80,68,68,68,68,70,70,70,70,100,100,76,76,270.269,3010.39,3.9615400000000003,2040.51,2838.68,0.763126,3.08303,1.92308,23.5348,96.3675,98.9927,98.3211,99.0537,5,13.9233,25.8669
2016-03-29 11:06:00,853.534,29.1697,595.3480000000001,9.459710000000001,2.79533,599.817,598.668,845.055,81,81,81,81,80,80,80,80,80,80,80,80,68,68,68,68,70,70,70,70,100,100,76,76,267.827,2953.73,3.91667,2018.06,2857.04,0.763126,3.08303,0.763126,14.9267,98.2601,98.9927,99.9695,100.397,5,13.9233,25.8153
2016-03-29 11:07:00,844.113,28.8034,596.012,9.459710000000001,2.79533,599.602,598.112,839.194,81,81,81,81,80,80,80,80,80,80,80,80,68,68,68,68,70,70,70,70,100,100,76,76,262.454,2937.63,3.8653800000000005,2010.57,2873.14,0.763126,3.08303,3.26618,10.4701,98.2601,98.9927,99.9695,100.397,5,13.9233,25.7379
2016-03-29 11:08:00,831.265,28.4921,597.232,9.459710000000001,2.79533,599.286,597.544,824.75,81,81,81,81,80,80,80,80,80,80,80,80,68,68,68,68,70,70,70,70,100,100,76,76,252.808,2942.47,3.90385,1973.8,2881.5,0.763126,3.02198,4.731380000000001,0.0,98.3211,99.1148,99.9695,99.8474,5,13.9233,25.6606
2016-03-29 11:09:00,825.2689999999999,28.2479,598.479,8.45696,2.79533,599.07,597.077,827.4730000000001,81,81,81,81,80,80,80,80,80,80,80,80,68,68,68,68,70,70,70,70,100,100,76,76,269.66900000000004,2920.38,3.97436,2003.68,2884.73,0.763126,3.08303,9.73748,4.91453,98.2601,99.1148,99.9695,100.15299999999999,5,13.949000000000002,25.5832
2016-03-29 11:10:00,827.8389999999999,28.0159,599.754,8.45696,2.79533,598.747,596.611,822.3439999999999,81,81,81,81,80,80,80,80,80,80,80,80,68,68,68,68,70,70,70,70,100,100,76,76,259.768,2907.51,4.0,2024.27,2888.19,0.763126,3.08303,11.5079,7.35653,98.2601,99.2369,99.9695,100.15299999999999,5,13.949000000000002,25.4801
