num,LAE11CG101XQ01,YRHRTEMP,RRHRTEMP,segNum
0,0.457627620569,0.7854957711,0.449039400847,1
1,0.0,0.678783516286,0.375773363725,1
2,0.0112994245715,0.517185531762,0.305600781504,1
3,0.0112994245715,0.395897066763,0.288016932595,1
4,0.0112994245715,0.336152600324,0.288016932595,1
5,0.0169491368572,0.277847759583,0.270595897102,1
6,0.0169491368572,0.258052906244,0.270595897102,1
7,0.0169491368572,0.238617959331,0.287691305764,1
8,0.022598849143,0.258052906244,0.341908173233,1
9,0.022598849143,0.319596904805,0.434060566591,1
10,0.022598849143,0.398776318157,0.545099316184,1
11,0.0282485614287,0.47795573151,0.619667860632,1
12,0.0282485614287,0.558754723772,0.675350048844,1
13,0.361582511711,0.655749505129,0.675350048844,1
14,0.022598849143,0.7381680763,0.657766199935,1
15,0.022598849143,0.780097174735,0.675350048844,1
16,0.0338982737144,0.799532121648,0.710354933246,1
17,0.536723592569,0.857657009178,0.783458156952,1
18,0.593220715427,0.917581428829,0.891729078476,1
19,0.344633374854,0.957890948353,0.964995115598,1
20,0.0451976982859,1.0,1.0,1
21,0.0395479860002,1.0,1.0,1
22,0.0451976982859,0.980565053086,0.944480625204,1
23,0.0451976982859,0.980565053086,0.926896776294,1
24,0.0451976982859,0.980565053086,0.891729078476,1
25,0.0508474105717,0.980565053086,0.799576685119,1
26,0.0508474105717,0.961130106172,0.764571800716,1
27,0.0621468351432,0.93683642253,0.708889612504,1
28,0.0621468351432,0.896526903005,0.635786388798,1
29,0.0677965474289,0.877091956091,0.583197655487,1
30,0.0677965474289,0.857657009178,0.583197655487,1
31,0.0677965474289,0.877091956091,0.60061869098,1
32,0.0677965474289,0.915781896707,0.65483555845,1
33,0.0734467224265,0.935216843621,0.672419407359,1
34,0.0734467224265,0.915781896707,0.637251709541,1
35,0.0734467224265,0.852798272449,0.565613806578,1
36,0.0734467224265,0.791254273889,0.528980788017,1
37,0.0790963421699,0.73150980745,0.528980788017,1
38,0.0790963421699,0.712074860536,0.565613806578,1
39,0.0790963421699,0.752024473637,0.601758384891,1
40,0.0790963421699,0.813568472197,0.601758384891,1
41,0.0790963421699,0.83462299802,0.601758384891,1
42,0.0847460544556,0.83462299802,0.549169651579,1
43,0.542373304855,0.83462299802,0.461413220449,1
44,0.435028771426,0.855497570632,0.370726147835,1
45,0.451977908283,0.876552096455,0.353142298925,1
46,0.61581956457,0.915421990283,0.372191468577,1
47,0.666666975141,0.957351088717,0.484695538912,1
48,0.807909782285,0.976786035631,0.597362422664,1
49,0.824858919142,0.976786035631,0.693910778248,1
50,0.909604603428,0.917041569192,0.728915662651,1
51,0.903954891142,0.837862155839,0.676326929339,1
52,1.0,0.779557315098,0.620807554542,1
53,0.971751438571,0.697138743927,0.566590687073,1
54,0.785310933142,0.59852438366,0.512536633019,1
55,0.553672729426,0.499910023394,0.402800390752,1
56,0.435028771426,0.398236458521,0.30771735591,1
57,0.0960455715695,0.298002519345,0.234614132205,1
58,0.0960455715695,0.236638473997,0.196678606317,1
59,0.0960455715695,0.155839481735,0.177629436666,1
60,0.0960455715695,0.0942954831744,0.177629436666,1
61,0.0960455715695,0.0345510167356,0.142624552263,1
62,0.0960455715695,0.0136764441245,0.142624552263,1
63,0.0960455715695,0.0136764441245,0.142624552263,1
64,0.0960455715695,0.0552456361346,0.180234451319,1
65,0.0960455715695,0.136044628397,0.253337675024,1
66,0.0960455715695,0.17959330574,0.270921523934,1
67,0.0960455715695,0.218463199568,0.253337675024,1
68,0.0960455715695,0.218463199568,0.235753826115,1
69,0.0960455715695,0.199028252654,0.16265060241,1
70,0.0960455715695,0.114990102573,0.0719635297949,1
71,0.0960455715695,0.0581248875292,0.0175838489091,1
72,0.0960455715695,0.0192549937016,0.0,1
73,0.0960455715695,0.0,0.0,1
74,0.0960455715695,0.0,0.0540540540541,1
75,0.0960455715695,0.0386899406154,0.108270921524,1
76,0.0960455715695,0.0581248875292,0.143275805926,1
77,0.0960455715695,0.0581248875292,0.160534028004,1
78,0.438913792388,0.668243317567,0.84497734139,2
79,0.357466009689,0.730502694973,0.907760574018,2
80,0.416289408305,0.756242437576,0.928058912387,2
81,0.438913792388,0.768012319877,0.958364803625,2
82,0.266968473356,0.768012319877,0.968561178248,2
83,0.434388915571,0.755912440876,0.958364803625,2
84,0.488687437371,0.792542074579,0.958364803625,2
85,0.497737191004,0.843911560884,0.968561178248,2
86,0.633483495503,0.911120888791,0.97875755287,2
87,0.606334234603,0.974370256297,1.0,2
88,0.692306894119,1.0,1.0,2
89,0.574660096886,1.0,0.967711480363,2
90,0.552035712803,0.964470355296,0.881231117825,2
91,0.479637683737,0.915740842592,0.785215256798,2
92,0.484162560554,0.852491475085,0.721582326284,2
93,0.307692364706,0.80310196898,0.689388217523,2
94,0.0407242619374,0.767572324277,0.666446374622,2
95,0.0316744341866,0.755692443076,0.65625,2
96,0.0407242619374,0.755692443076,0.65625,2
97,0.0407242619374,0.755692443076,0.666446374622,2
98,0.0407242619374,0.767572324277,0.666446374622,2
99,0.0407242619374,0.767572324277,0.644448640483,2
100,0.0407242619374,0.731052689473,0.644448640483,2
101,0.0407242619374,0.694423055769,0.654645015106,2
102,0.0407242619374,0.682653173468,0.664746978852,2
103,0.0361993110032,0.682653173468,0.685139728097,2
104,0.0361993110032,0.706082939171,0.706098942598,2
105,0.0361993110032,0.706082939171,0.706098942598,2
106,0.0361993110032,0.693213067869,0.706098942598,2
107,0.0361993110032,0.669563304367,0.716295317221,2
108,0.0361993110032,0.656693433066,0.716295317221,2
109,0.0361993110032,0.656693433066,0.716295317221,2
110,0.0361993110032,0.644813551864,0.726491691843,2
111,0.0361993110032,0.620173798262,0.705249244713,2
112,0.0361993110032,0.583544164558,0.684950906344,2
113,0.0361993110032,0.547024529755,0.674754531722,2
114,0.0361993110032,0.535144648554,0.695052870091,2
115,0.0361993110032,0.524034759652,0.705910120846,2
116,0.0361993110032,0.49741502585,0.675415407855,2
117,0.0361993110032,0.460895391046,0.665219033233,2
118,0.0361993110032,0.449015509845,0.665219033233,2
119,0.0361993110032,0.449785502145,0.643126888218,2
120,0.0361993110032,0.485315146849,0.643126888218,2
121,0.0361993110032,0.520844791552,0.674282477341,2
122,0.0361993110032,0.569244307557,0.71752265861,2
123,0.0361993110032,0.594984050159,0.727719033233,2
124,0.389140147405,0.632493675063,0.727719033233,2
125,0.316742118339,0.669013309867,0.759157854985,2
126,0.0407242619374,0.680893191068,0.769259818731,2
127,0.0407242619374,0.692773072269,0.769259818731,2
128,0.321266995156,0.692773072269,0.759157854985,2
129,0.321266995156,0.717412825872,0.769259818731,2
130,0.375565516955,0.741172588274,0.811650302115,2
131,0.307692364706,0.764822351776,0.843089123867,2
132,0.389140147405,0.788362116379,0.843089123867,2
133,0.524886451904,0.812011879881,0.821657854985,2
134,0.588234727336,0.838741612584,0.811461480363,2
135,0.651583002769,0.864371356286,0.84205060423,2
136,0.674207386852,0.876251237488,0.873206193353,2
137,0.696831770935,0.876251237488,0.873206193353,2
138,0.746605415918,0.865141348587,0.873206193353,2
139,0.760180787544,0.839511604884,0.863009818731,2
140,0.791854184084,0.80387196128,0.83081570997,2
141,0.850675359174,0.766362336377,0.800226586103,2
142,0.877824620073,0.728852711473,0.779928247734,2
143,0.914023634606,0.716972830272,0.758685800604,2
144,0.927601970934,0.705092949071,0.73753776435,2
145,1.0,0.705092949071,0.727341389728,2
146,0.900452710034,0.693213067869,0.717145015106,2
147,0.877824620073,0.693213067869,0.68580060423,2
148,0.719456155018,0.643823561764,0.621317975831,2
149,0.710406401385,0.571774282257,0.54418429003,2
150,0.719456155018,0.510504894951,0.501793806647,2
151,0.601809357786,0.473875261247,0.460253021148,2
152,0.484162560554,0.437355626444,0.439954682779,2
153,0.343891379239,0.412715872841,0.378209969789,2
154,0.0316744341866,0.389286107139,0.335064199396,2
155,0.0316744341866,0.377406225938,0.313821752266,2
156,0.0407242619374,0.341876581234,0.283327039275,2
157,0.0407242619374,0.316136838632,0.229040785498,2
158,0.045249138754,0.280827191728,0.197696374622,2
159,0.0407242619374,0.269057309427,0.167390483384,2
160,0.0407242619374,0.245297547025,0.147092145015,2
161,0.0407242619374,0.219667803322,0.136895770393,2
162,0.0407242619374,0.180398196018,0.0854418429003,2
163,0.389140147405,0.131008689913,0.022753021148,2
164,0.470587930104,0.0934990650093,0.022753021148,2
165,0.294117734256,0.0934990650093,0.0430513595166,2
166,0.0407242619374,0.0688593114069,0.0117069486405,2
167,0.389140147405,0.0571994280057,0.0,2
168,0.0361993110032,0.0927290727093,0.0212424471299,2
169,0.0361993110032,0.131228687713,0.052586858006,2
170,0.0316744341866,0.180618193818,0.0932779456193,2
171,0.0316744341866,0.192498075019,0.103474320242,2
172,0.0271496314875,0.216477835222,0.113009818731,2
173,0.0226247546709,0.240127598724,0.0926170694864,2
174,0.0226247546709,0.264877351226,0.0926170694864,2
175,0.0180998037367,0.288527114729,0.102813444109,2
176,0.0135749269201,0.288527114729,0.113859516616,2
177,0.0135749269201,0.264107358926,0.113859516616,2
178,0.00905012422102,0.252227477725,0.113859516616,2
179,0.00905012422102,0.228577714223,0.103851963746,2
180,0.00905012422102,0.20404795952,0.0718466767372,2
181,0.00452487681662,0.192278077219,0.040502265861,2
182,0.00452487681662,0.155758442416,0.0304003021148,2
183,0.00452487681662,0.131998680013,0.0726963746224,2
184,0.00452487681662,0.131998680013,0.126321752266,2
185,0.0,0.107578924211,0.114425981873,2
186,0.0,0.0592894071059,0.0822318731118,2
187,0.0,0.0118798812012,0.0822318731118,2
188,0.0,0.0,0.070336102719,2
189,0.0,0.0246397536025,0.0805324773414,2
190,0.0,0.060279397206,0.111876888218,2
191,0.0,0.0720492795072,0.12207326284,2
192,0.00452487681662,0.0720492795072,0.111027190332,2
193,0.00452487681662,0.060169398306,0.0907288519637,2
194,0.00452487681662,0.060169398306,0.0900679758308,2
195,0.0,0.0486195138049,0.101114048338,2
196,0.0,0.0486195138049,0.101114048338,2
197,0.0,0.0614893851061,0.141805135952,2
198,0.0,0.0732592674073,0.184101208459,2
199,0.0,0.0614893851061,0.194297583082,2
200,0.0,0.0614893851061,0.194297583082,2
201,0.0,0.0614893851061,0.194297583082,2
202,0.0,0.0614893851061,0.184195619335,2
203,0.0,0.0614893851061,0.194297583082,2
204,0.0,0.0614893851061,0.214690332326,2
205,0.00452487681662,0.0742492575074,0.214690332326,2
206,0.00452487681662,0.0861291387086,0.214690332326,2
207,0.00452487681662,0.109888901111,0.246034743202,2
208,0.00452487681662,0.157518424816,0.297960725076,2
209,0.00452487681662,0.181168188318,0.328455438066,2
210,0.00452487681662,0.218677813222,0.348753776435,2
211,0.00452487681662,0.231547684523,0.348753776435,2
212,0.00452487681662,0.231547684523,0.337802114804,2
213,0.00452487681662,0.206797932021,0.326756042296,2
214,0.00905012422102,0.206797932021,0.326756042296,2
215,0.00905012422102,0.19524804752,0.316748489426,2
216,0.00905012422102,0.183368166318,0.296450151057,2
217,0.00905012422102,0.183368166318,0.276057401813,2
218,0.00905012422102,0.19524804752,0.286253776435,2
219,0.00905012422102,0.232757672423,0.307496223565,2
220,0.00905012422102,0.258387416126,0.342239425982,2
221,0.0135749269201,0.293697063029,0.352341389728,2
222,0.0135749269201,0.319436805632,0.362348942598,2
223,0.0135749269201,0.343086569134,0.382741691843,2
224,0.0135749269201,0.366846331537,0.403040030211,2
225,0.0135749269201,0.390276097239,0.45704305136,2
226,0.0180998037367,0.414915850841,0.477435800604,2
227,0.0180998037367,0.426795732043,0.487632175227,2
228,0.0180998037367,0.462105378946,0.508591389728,2
229,0.0180998037367,0.509514904851,0.528889728097,2
230,0.153846552941,0.571554284457,0.549093655589,2
231,0.0226247546709,0.621933780662,0.57958836858,2
232,0.0226247546709,0.646573534265,0.599886706949,2
233,0.0180998037367,0.670113298867,0.620940332326,2
234,0.0180998037367,0.693763062369,0.66333081571,2
235,0.0180998037367,0.706632933671,0.673527190332,2
236,0.0180998037367,0.706632933671,0.683440332326,2
237,0.0180998037367,0.683643163568,0.673243957704,2
238,0.0180998037367,0.659993400066,0.641899546828,2
239,0.0135749269201,0.648113518865,0.610555135952,2
240,0.0135749269201,0.648113518865,0.610555135952,2
241,0.0135749269201,0.659993400066,0.610555135952,2
242,0.0135749269201,0.671543284567,0.631514350453,2
243,0.0135749269201,0.647893521065,0.631514350453,2
244,0.00905012422102,0.624133758662,0.620468277946,2
245,0.00905012422102,0.612253877461,0.610366314199,2
246,0.00905012422102,0.575514244858,0.610366314199,2
247,0.00905012422102,0.538994610054,0.589784743202,2
248,0.00905012422102,0.50313496865,0.579399546828,2
249,0.00905012422102,0.479485205148,0.559006797583,2
250,0.00905012422102,0.468375316247,0.559006797583,2
251,0.00905012422102,0.481245187548,0.549471299094,2
252,0.00905012422102,0.493015069849,0.539369335347,2
253,0.00905012422102,0.50467495325,0.539369335347,2
254,0.00905012422102,0.516444835552,0.559478851964,2
255,0.00905012422102,0.541194588054,0.589973564955,2
256,0.00905012422102,0.564844351556,0.620562688822,2
257,0.00452487681662,0.60246397536,0.651057401813,2
258,0.00452487681662,0.60246397536,0.651057401813,2
259,0.00452487681662,0.590584094159,0.609516616314,2
260,0.00452487681662,0.567594324057,0.566087613293,2
261,0.0,0.542954570454,0.534648791541,2
262,0.0,0.506324936751,0.513500755287,2
263,0.879629812191,1.0,0.663113631919,3
264,0.620370187809,0.888909599254,0.694895364757,3
265,0.00925924521606,0.697576887232,0.726774887542,3
266,0.564814807512,0.515470643057,0.738118521416,3
267,0.74074113395,0.329822926375,0.758556620379,3
268,0.592592452161,0.217707362535,0.769117934676,3
269,0.00925924521606,0.126188257223,0.758849990221,3
270,0.00925924521606,0.0511649580615,0.702229610796,3
271,0.925926038272,0.0,0.605417563075,3
272,0.981481509568,0.0344827586207,0.397516135341,3
273,1.0,0.123951537745,0.164091531391,3
274,0.564814807512,0.231780055918,0.000880109524742,3
275,0.00925924521606,0.342963653308,0.0,3
276,0.00925924521606,0.442124883504,0.0311949931547,3
277,0.00925924521606,0.542684063374,0.056620379425,3
278,0.00925924521606,0.6238583411,0.0664971640915,3
279,0.00925924521606,0.665237651445,0.0345198513593,3
280,0.00925924521606,0.674650512582,0.0233717973792,3
281,0.00925924521606,0.674650512582,0.068257383141,3
282,0.00925924521606,0.674650512582,0.101212595345,3
283,0.00925924521606,0.684249767008,0.111578329748,3
284,0.00925924521606,0.704380242311,0.111578329748,3
285,0.00925924521606,0.725442684063,0.14424017211,3
286,0.00925924521606,0.755545200373,0.203892039898,3
287,0.00925924521606,0.786300093197,0.272149423039,3
288,0.00925924521606,0.828797763281,0.338646587131,3
289,0.00925924521606,0.862814538677,0.436729904166,3
290,0.00925924521606,0.902982292637,0.535008801095,3
291,0.00925924521606,0.933923578751,0.614903187952,3
292,0.00925924521606,0.963839701771,0.684040680618,3
293,0.00925924521606,0.984808946878,0.71914727166,3
294,0.00925924521606,0.994780987884,0.740269900254,3
295,0.00925924521606,0.994780987884,0.772736162722,3
296,0.00925924521606,0.994780987884,0.828085272834,3
297,0.00925924521606,0.985181733458,0.870428319969,3
298,0.00925924521606,0.975209692451,0.870428319969,3
299,0.00925924521606,0.965330848089,0.858595736358,3
300,0.00925924521606,0.955917986952,0.838157637395,3
301,0.00925924521606,0.936439888164,0.82681400352,3
302,0.00925924521606,0.916589002796,0.857715626834,3
303,0.00925924521606,0.916589002796,0.91218462742,3
304,0.00925924521606,0.916589002796,0.91218462742,3
305,0.00925924521606,0.926467847158,0.933698415803,3
306,0.00925924521606,0.936719478099,0.97701936241,3
307,0.00925924521606,0.948182665424,0.989047525914,3
308,0.00925924521606,0.938769804287,0.989047525914,3
309,0.00925924521606,0.916216216216,1.0,3
310,0.00925924521606,0.884436160298,0.976334832779,3
311,0.00925924521606,0.85321528425,0.964893408958,3
312,0.00925924521606,0.813047530289,0.94113045179,3
313,0.00925924521606,0.779589934762,0.94113045179,3
314,0.00925924521606,0.759366262815,0.93066692744,3
315,0.00925924521606,0.749301025163,0.909348718952,3
316,0.0,0.749301025163,0.921670252298,3
317,0.00925924521606,0.739701770736,0.896636025817,3
318,0.0,0.71817334576,0.87492665754,3
319,0.00925924521606,0.708108108108,0.864365343243,3
320,0.0,0.698042870457,0.841775865441,3
321,0.0,0.698042870457,0.808429493448,3
322,0.0,0.698042870457,0.762761588109,3
323,0.0,0.698042870457,0.680422452572,3
324,0.0,0.678005591799,0.612654019167,3
325,0.0,0.668219944082,0.579307647174,3
326,0.0,0.657595526561,0.568746332877,3
327,0.0,0.647716682199,0.554273420692,3
328,0.0,0.637931034483,0.516526501076,3
329,0.0,0.628518173346,0.450713866615,3
330,0.0,0.628518173346,0.407686289849,3
331,0.0,0.638583410997,0.407686289849,3
332,0.0,0.658434296365,0.428515548602,3
333,0.0,0.679123951538,0.449344807354,3
334,0.0,0.711463187325,0.470174066106,3
335,0.0,0.732991612302,0.45853706239,3
336,0.0,0.754520037279,0.444455309994,3
337,0.0,0.783410997204,0.455896733816,3
338,0.0,0.790121155638,0.441423821631,3
339,0.0,0.760484622554,0.441423821631,3
340,0.0,0.750605778192,0.451496186192,3
341,0.0,0.740820130475,0.48572266771,3
342,0.0,0.740820130475,0.496283982007,3
343,0.0,0.740820130475,0.486211617446,3
344,0.0,0.750885368127,0.486211617446,3
345,0.0,0.750885368127,0.506551926462,3
346,0.0,0.760484622554,0.540876197927,3
347,0.0,0.77027027027,0.552024251907,3
348,0.0,0.801025163094,0.562292196362,3
349,0.0,0.856011183597,0.584001564639,3
350,0.0,0.886766076421,0.605710932916,3
351,0.0,0.896551724138,0.593193819675,3
352,0.0,0.906337371855,0.593193819675,3
353,0.0,0.896365330848,0.604439663603,3
354,0.0,0.886300093197,0.615000977899,3
355,0.0,0.886300093197,0.626344611774,3
356,0.0,0.886300093197,0.626344611774,3
357,0.0,0.895899347623,0.591042440837,3
358,0.0,0.875862068966,0.556815959319,3
359,0.0,0.855172413793,0.523469587326,3
360,0.0,0.835321528425,0.490318795228,3
361,0.0,0.835321528425,0.500586739683,3
362,0.00729926134584,0.308922502832,0.551572878807,4
363,0.00729926134584,0.323315785967,0.536909387141,4
364,0.00729926134584,0.337642433531,0.529201654343,4
365,0.00729926134584,0.352568801226,0.543677152525,4
366,0.00729926134584,0.373492370227,0.573944103271,4
367,0.00729926134584,0.40547744386,0.59681664369,4
368,0.0,0.434797094689,0.604148389523,4
369,0.0,0.464649830079,0.604148389523,4
370,0.0,0.502498833878,0.619501190625,4
371,0.0,0.52508829213,0.628336884321,4
372,0.0,0.548210834944,0.62890086477,4
373,0.0,0.570400479776,0.63604461712,4
374,0.0,0.598920503765,0.657851861135,4
375,0.0,0.636569600853,0.67978443414,4
376,0.0,0.674285333511,0.707356811631,4
377,0.0,0.703604984341,0.73549316957,4
378,0.0,0.718997801026,0.742762250909,4
379,0.693431023475,0.718997801026,0.727409449806,4
380,0.0218977840375,0.718997801026,0.71901240757,4
381,0.0364963067292,0.711801159459,0.72571750846,4
382,0.0510948294209,0.711801159459,0.732359944855,4
383,0.0364963067292,0.725994535883,0.732359944855,4
384,0.0364963067292,0.748117545146,0.745832811129,4
385,0.0364963067292,0.778170187246,0.760621631783,4
386,0.0364963067292,0.8020923569,0.767389397168,4
387,0.0364963067292,0.816485640035,0.757989723023,4
388,0.0364963067292,0.816485640035,0.742762250909,4
389,0.0364963067292,0.83141200773,0.72703346284,4
390,0.0364963067292,0.83141200773,0.684296277729,4
391,0.0364963067292,0.823815552742,0.631971424991,4
392,0.0364963067292,0.830812287599,0.59593934077,4
393,0.0364963067292,0.837542480176,0.587542298534,4
394,0.0364963067292,0.852535483441,0.580899862138,4
395,0.0364963067292,0.852535483441,0.580899862138,4
396,0.0364963067292,0.852535483441,0.602331119188,4
397,0.0364963067292,0.852535483441,0.655157287881,4
398,0.0364963067292,0.859265676018,0.707670134102,4
399,0.0364963067292,0.873792230293,0.752663241008,4
400,0.0364963067292,0.88092223629,0.80198019802,4
401,0.0364963067292,0.88092223629,0.839829552576,4
402,0.0364963067292,0.858799227027,0.84659731796,4
403,0.0364963067292,0.836542946625,0.866712620629,4
404,0.0364963067292,0.82154994336,0.894848978569,4
405,0.0364963067292,0.813353768241,0.90944980574,4
406,0.0364963067292,0.791030852269,0.916217571124,4
407,0.0364963067292,0.760578396748,0.90274470485,4
408,0.0364963067292,0.724661824482,0.872916405565,4
409,0.0364963067292,0.686413007263,0.851109161549,4
410,0.0364963067292,0.664289998001,0.815515728788,4
411,0.0364963067292,0.656626907443,0.793144504324,4
412,0.0364963067292,0.664423269141,0.799724276225,4
413,0.0364963067292,0.671420003998,0.799724276225,4
414,0.0364963067292,0.671420003998,0.778105025692,4
415,0.0364963067292,0.678949823416,0.778105025692,4
416,0.0364963067292,0.702272272939,0.764569494924,4
417,0.0364963067292,0.731725194909,0.75516982078,4
418,0.0364963067292,0.760844939028,0.733801228224,4
419,0.0364963067292,0.775837942294,0.702155658604,4
420,0.0364963067292,0.798360764976,0.643501691941,4
421,0.0364963067292,0.830079296328,0.605840330869,4
422,0.0364963067292,0.860598387419,0.591176839203,4
423,0.0364963067292,0.897714399947,0.591176839203,4
424,0.0364963067292,0.926834144066,0.605088356937,4
425,0.0364963067292,0.942426867462,0.58428374483,4
426,0.0364963067292,0.949556873459,0.563040481263,4
427,0.0364963067292,0.971879789432,0.576576012032,4
428,0.0364963067292,0.993269807423,0.589923549317,4
429,0.0364963067292,1.0,0.588920917408,4
430,0.0364963067292,0.977543812887,0.566737686427,4
431,0.0364963067292,0.954821083494,0.552700839704,4
432,0.0364963067292,0.94062770707,0.567426995864,4
433,0.0364963067292,0.933764243353,0.616117307933,4
434,0.0364963067292,0.926900779636,0.672766010778,4
435,0.0364963067292,0.904444592523,0.714563228475,4
436,0.0364963067292,0.859932031719,0.735555834064,4
437,0.0364963067292,0.800226560938,0.743388895852,4
438,0.0364963067292,0.735656693543,0.728537410703,4
439,0.0364963067292,0.674085426801,0.713873919037,4
440,0.0364963067292,0.62337575798,0.706166186239,4
441,0.0364963067292,0.592256946758,0.70560220579,4
442,0.0364963067292,0.563270473779,0.70560220579,4
443,0.0364963067292,0.533551009529,0.718260433638,4
444,0.0364963067292,0.526820816952,0.71769645319,4
445,0.0364963067292,0.511894449257,0.710928687805,4
446,0.0364963067292,0.503964816419,0.732610602832,4
447,0.0364963067292,0.496768174852,0.739378368217,4
448,0.0364963067292,0.481841807157,0.752287254042,4
449,0.0364963067292,0.467448524022,0.752287254042,4
450,0.0364963067292,0.460718331445,0.766324100765,4
451,0.0364963067292,0.460718331445,0.780674269959,4
452,0.0364963067292,0.467781701872,0.795463090613,4
453,0.0364963067292,0.467781701872,0.810251911267,4
454,0.0364963067292,0.467781701872,0.845281363579,4
455,0.0364963067292,0.467781701872,0.86570998872,4
456,0.0364963067292,0.467781701872,0.865459330743,4
457,0.0364963067292,0.467781701872,0.850921168066,4
458,0.0364963067292,0.467781701872,0.82648201529,4
459,0.0364963067292,0.490970880256,0.796528387016,4
460,0.0364963067292,0.506363696941,0.766574758742,4
461,0.0364963067292,0.546145132272,0.734866524627,4
462,0.0364963067292,0.583061238089,0.700275723775,4
463,0.0364963067292,0.634903711601,0.662990349668,4
464,0.0364963067292,0.679616179116,0.609412207043,4
465,0.0364963067292,0.724062104351,0.558528637674,4
466,0.0364963067292,0.767241953755,0.53659606467,4
467,0.0364963067292,0.813153861531,0.53659606467,4
468,0.0364963067292,0.834277337243,0.549567614989,4
469,0.0364963067292,0.84207369894,0.541797217696,4
470,0.0364963067292,0.835143599653,0.534465471864,4
471,0.0364963067292,0.828413407077,0.541233237248,4
472,0.0364963067292,0.814220030652,0.554455445545,4
473,0.0364963067292,0.791030852269,0.569682917659,4
474,0.0364963067292,0.768308122876,0.583155783933,4
475,0.0364963067292,0.73245818618,0.592179471112,4
476,0.0364963067292,0.70313853535,0.592179471112,4
477,0.0364963067292,0.688145532085,0.592179471112,4
478,0.0364963067292,0.680549077097,0.613422734679,4
479,0.0364963067292,0.687745718665,0.664870284497,4
480,0.0364963067292,0.687745718665,0.703534277478,4
481,0.0364963067292,0.67368561338,0.701717007144,4
482,0.0364963067292,0.644565869261,0.678217821782,4
483,0.0364963067292,0.620776970747,0.671638049881,4
484,0.0364963067292,0.598254148064,0.678531144254,4
485,0.0364963067292,0.589858066236,0.713247274095,4
486,0.0364963067292,0.567868328114,0.741508961023,4
487,0.0364963067292,0.560738322116,0.758428374483,4
488,0.0364963067292,0.553941493969,0.778669006141,4
489,0.0364963067292,0.546944759112,0.799348289259,4
490,0.0364963067292,0.55487439195,0.814387767891,4
491,0.0364963067292,0.547677750383,0.814387767891,4
492,0.0364963067292,0.533484373959,0.814387767891,4
493,0.0364963067292,0.533484373959,0.807933324978,4
494,0.0364963067292,0.556073832212,0.808058653967,4
495,0.0364963067292,0.576730858933,0.827108660233,4
496,0.0364963067292,0.597187978943,0.842398796842,4
497,0.0364963067292,0.610981541947,0.857062288507,4
498,0.0364963067292,0.632504831079,0.863830053891,4
499,0.0364963067292,0.632504831079,0.843526757739,4
500,0.0364963067292,0.632504831079,0.813197142499,4
501,0.0364963067292,0.618444725795,0.798282992856,4
502,0.0364963067292,0.60425134937,0.773655846597,4
503,0.0364963067292,0.590057972946,0.765196139867,4
504,0.0364963067292,0.575864596522,0.735681163053,4
505,0.0364963067292,0.561071499967,0.712056648703,4
506,0.0364963067292,0.546611581262,0.698709111417,4
507,0.693431023475,0.553741587259,0.743012908886,4
508,0.437956242692,0.598454054774,0.794648452187,4
509,0.0218977840375,0.64389951356,0.81714500564,4
510,0.0218977840375,0.674418604651,0.831745832811,4
511,0.0218977840375,0.704138068901,0.852863767389,4
512,0.0218977840375,0.725727993603,0.859506203785,4
513,0.0218977840375,0.739988005597,0.853114425367,4
514,0.0218977840375,0.755247551143,0.837510966287,4
515,0.0364963067292,0.776904111415,0.806304048126,4
516,0.0218977840375,0.806690211235,0.782366211305,4
517,0.0218977840375,0.822282934631,0.751911267076,4
518,0.0218977840375,0.843406410342,0.738563729791,4
519,0.0218977840375,0.856866795495,0.731106654969,4
520,0.0218977840375,0.87092690078,0.724088231608,4
521,0.0218977840375,0.893383087892,0.724088231608,4
522,0.0218977840375,0.915706003865,0.730605339015,4
523,0.0218977840375,0.915706003865,0.715377866901,4
524,0.0218977840375,0.915706003865,0.700401052764,4
525,0.0218977840375,0.90104617845,0.679408447174,4
526,0.0218977840375,0.90104617845,0.679408447174,4
527,0.0218977840375,0.90104617845,0.672954004261,4
528,0.0218977840375,0.90104617845,0.672954004261,4
529,0.0218977840375,0.90104617845,0.649956134854,4
530,0.0218977840375,0.893782901313,0.618999874671,4
531,0.0218977840375,0.864463250483,0.57626268956,4
532,0.0218977840375,0.843206503632,0.547875673643,4
533,0.0218977840375,0.81208769241,0.525316455696,4
534,0.0218977840375,0.788765242887,0.504511843589,4
535,0.0218977840375,0.774905044313,0.4978067427,4
536,0.0218977840375,0.767708402745,0.504261185612,4
537,0.0218977840375,0.767708402745,0.518110038852,4
538,0.0218977840375,0.767708402745,0.524627146259,4
539,0.0218977840375,0.767708402745,0.497180097757,4
540,0.708029546166,0.75284867062,0.439842085474,4
541,0.54744531831,0.730125941227,0.402180724402,4
542,0.591241364633,0.700806290398,0.385887955884,4
543,0.430657136777,0.662824015459,0.372603083093,4
544,0.0218977840375,0.617978276804,0.316393031708,4
545,0.715328807512,0.580595721996,0.257488407069,4
546,0.401460091393,0.537016059172,0.21725780173,4
547,0.467153323944,0.507163323782,0.195325228725,4
548,0.0218977840375,0.460385153595,0.174959268079,4
549,0.0218977840375,0.416738855201,0.160922421356,4
550,0.0364963067292,0.387819017792,0.154154655972,4
551,0.0218977840375,0.341973745585,0.132222082968,4
552,0.043795568075,0.305657359899,0.11549066299,4
553,0.00729926134584,0.274605184247,0.0935580899862,4
554,0.0218977840375,0.237089358299,0.086978318085,4
555,0.0218977840375,0.192576797495,0.0608472239629,4
556,0.0218977840375,0.147197974279,0.0472490287003,4
557,0.0218977840375,0.116012527487,0.0540167940845,4
558,0.0218977840375,0.0852268941161,0.0610978819401,4
559,0.0218977840375,0.0780302525488,0.074132096754,4
560,0.0145985226917,0.0713666955421,0.0872289760622,4
561,0.0218977840375,0.0713666955421,0.0733174583281,4
562,0.043795568075,0.080162590791,0.0877929565108,4
563,0.0291970453834,0.080162590791,0.108597568618,4
564,0.043795568075,0.0873592323582,0.12263441534,4
565,0.043795568075,0.0803624975012,0.11549066299,4
566,0.043795568075,0.0731658559339,0.0879809499937,4
567,0.0291970453834,0.0434463916839,0.0442411329741,4
568,0.0291970453834,0.0219231025521,0.0139115177341,4
569,0.0291970453834,0.0,0.0,4
570,0.0291970453834,0.00759645498767,0.0228725404186,4
571,0.0218977840375,0.0364496568268,0.0444291264569,4
572,0.0218977840375,0.0664356633571,0.065923048001,4
573,0.0145985226917,0.0818284800426,0.0792705852864,4
574,0.0145985226917,0.105417471846,0.0946860508836,4
575,0.0218977840375,0.134403944826,0.126456949492,4
576,0.0291970453834,0.164123409076,0.147637548565,4
577,0.0291970453834,0.196108482708,0.154530642938,4
578,0.0291970453834,0.21796494969,0.148076200025,4
579,0.0291970453834,0.225694675818,0.140932447675,4
580,0.0291970453834,0.21736522956,0.118999874671,4
581,0.0291970453834,0.173119211035,0.0756987091114,4
582,0.0291970453834,0.142800026654,0.04549442286,4
583,0.0291970453834,0.136069834077,0.039165308936,4
584,0.0291970453834,0.164923035917,0.0528261686928,4
585,0.0291970453834,0.203305124275,0.0737561097882,4
586,0.0291970453834,0.231891783834,0.101767138739,4
587,0.0291970453834,0.261144799094,0.136608597569,4
588,0.0291970453834,0.312987272606,0.188181476375,4
589,0.0291970453834,0.357833011261,0.243827547312,4
590,0.0291970453834,0.410874925035,0.311129214187,4
591,0.0291970453834,0.454121410009,0.361198145131,4
592,0.0291970453834,0.497767708403,0.404624639679,4
593,0.0291970453834,0.533484373959,0.46296528387,4
594,0.0291970453834,0.578130205904,0.505013159544,4
595,0.0291970453834,0.601919104418,0.518486025818,4
596,0.0291970453834,0.609648830546,0.518486025818,4
597,0.0291970453834,0.616845472113,0.525065797719,4
598,0.0291970453834,0.638835210235,0.531833563103,4
599,0.0291970453834,0.660225228227,0.546183732297,4
600,0.043795568075,0.668421403345,0.552763504199,4
601,0.0291970453834,0.684413940161,0.546434390274,4
602,0.0291970453834,0.684413940161,0.546434390274,4
603,0.0218977840375,0.691743852869,0.56022057902,4
604,0.0218977840375,0.706403678283,0.595250031332,4
605,0.0218977840375,0.720330512428,0.609850858504,4
606,0.0291970453834,0.727660425135,0.58835693696,4
607,0.0291970453834,0.74278669954,0.573317458328,4
608,0.0291970453834,0.77223962151,0.566988344404,4
609,0.0291970453834,0.818018258146,0.586978318085,4
610,0.0291970453834,0.893383087892,0.638864519363,4
611,0.0291970453834,0.962817351902,0.690625391653,4
612,0.0291970453834,0.992137002732,0.711304674771,4
613,0.0291970453834,0.991803824882,0.702280987592,4
614,0.481751966197,0.963083894183,0.702280987592,4
615,0.678832500783,0.934830412474,0.735555834064,4
616,0.671533239437,0.919704138069,0.762564231107,4
617,0.700730284821,0.898180848937,0.784496804111,4
618,0.554744699218,0.890384487239,0.805928061161,4
619,0.854014773083,0.89065102952,0.835443037975,4
620,0.817518466354,0.89065102952,0.88889585161,4
621,0.854014773083,0.89065102952,0.943852613109,4
622,0.890511079812,0.89065102952,0.972427622509,4
623,1.0,0.883720930233,1.0,4
624,0.0,0.0340567083795,0.331788693234,5
625,0.0,0.0340567083795,0.30688137164,5
626,0.0,0.0255821321083,0.253822984245,5
627,0.0,0.0,0.21640407785,5
628,0.0,0.0,0.191496756256,5
629,0.0,0.0170283541898,0.204935125116,5
630,0.0,0.0617772849675,0.254865616311,5
631,0.0636895691768,0.132187549501,0.337001853568,5
632,0.0578330625818,0.205369871693,0.427479147359,5
633,0.0812590889619,0.274988119753,0.493049119555,5
634,0.0966324187738,0.344527166165,0.543790546803,5
635,0.108345431964,0.397829874861,0.582252085264,5
636,0.131771698168,0.435529859021,0.607159406858,5
637,0.167642201502,0.462537620783,0.619670991659,5
638,0.19399648118,0.489545382544,0.659175162187,5
639,0.213762790498,0.515681926184,0.684198331789,5
640,0.208637747667,0.515681926184,0.658943466172,5
641,0.206442157255,0.489386979249,0.595458758109,5
642,0.208637747667,0.472279423412,0.543558850788,5
643,0.21229866385,0.438143513385,0.479031510658,5
644,0.20058565066,0.400522730873,0.451923076923,5
645,0.203513903957,0.364248376366,0.413461538462,5
646,0.216691043796,0.345794392523,0.387511584801,5
647,0.222547550391,0.3541105655,0.387511584801,5
648,0.207173621018,0.362664343418,0.414272474513,5
649,0.231332310283,0.371218121337,0.455861909175,5
650,0.21742250756,0.38967210518,0.480885078777,5
651,0.216691043796,0.398225883098,0.49328081557,5
652,0.222547550391,0.398225883098,0.505792400371,5
653,0.254758336663,0.407413274196,0.530815569972,5
654,0.238652943527,0.424362426738,0.557576459685,5
655,0.243045323473,0.43283700301,0.557576459685,5
656,0.230599647398,0.43283700301,0.529425393883,5
657,0.237920280642,0.41580864882,0.502432808156,5
658,0.25915071661,0.407254870901,0.502432808156,5
659,0.281844080105,0.416521463646,0.541936978684,5
660,0.284040869638,0.443529225408,0.581441149212,5
661,0.275256109746,0.460399176303,0.618628359592,5
662,0.290628839997,0.486694123238,0.618628359592,5
663,0.290628839997,0.512989070173,0.618628359592,5
664,0.302343052308,0.512989070173,0.593721037998,5
665,0.311859275965,0.512989070173,0.593721037998,5
666,0.33601796523,0.522255662918,0.606232622799,5
667,0.349195105068,0.540076033581,0.631139944393,5
668,0.357247202076,0.567083795343,0.643651529194,5
669,0.3711570048,0.593378742278,0.669601482854,5
670,0.35944399161,0.601774116902,0.656858202039,5
671,0.377013511395,0.601774116902,0.631950880445,5
672,0.410688424316,0.601774116902,0.630908248378,5
673,0.412884014729,0.610248693173,0.668327154773,5
674,0.409955761431,0.610248693173,0.668327154773,5
675,0.440702421055,0.610248693173,0.642377201112,5
676,0.442899210589,0.618802471091,0.654888785913,5
677,0.452415434245,0.627197845715,0.668095458758,5
678,0.471449080679,0.644226199905,0.69311862836,5
679,0.471449080679,0.644226199905,0.70655699722,5
680,0.494875107059,0.65349279265,0.70655699722,5
681,0.500731613654,0.661967368921,0.732622798888,5
682,0.494875107059,0.67052114684,0.732622798888,5
683,0.510249036431,0.661967368921,0.694161260426,5
684,0.480966503456,0.636226833518,0.681417979611,5
685,0.465592574084,0.609931886583,0.656394810009,5
686,0.483894756754,0.59211151592,0.656394810009,5
687,0.456807814191,0.600665293838,0.66890639481,5
688,0.44655892765,0.600665293838,0.630444856348,5
689,0.472181743564,0.609219071757,0.577386468953,5
690,0.462664320786,0.636226833518,0.577386468953,5
691,0.456807814191,0.636226833518,0.487604263207,5
692,0.508052246898,0.628227467131,0.423192771084,5
693,0.527818556216,0.663789006811,0.462696941613,5
694,0.467056700733,0.690083953746,0.55421686747,5
695,0.423865564155,0.715666085855,0.604147358665,5
696,0.323572289155,0.741248217963,0.604147358665,5
697,0.296486545713,0.715666085855,0.553174235403,5
698,0.249633293832,0.706399493109,0.527224281742,5
699,0.216691043796,0.68937113892,0.513670064875,5
700,0.18228346799,0.68937113892,0.565338276182,5
701,0.147877091304,0.716220497386,0.628822984245,5
702,0.0900438488544,0.741802629495,0.667284522706,5
703,0.0431917960943,0.758830983684,0.692307692308,5
704,0.00146411465754,0.775938539522,0.744323447637,5
705,0.00146411465754,0.82005385712,0.769230769231,5
706,0.00146411465754,0.867654047204,0.8078081557,5
707,0.0614933792037,0.921035957548,0.874304911956,5
708,0.0395314794724,0.972992238239,0.925278035218,5
709,0.0395314794724,1.0,0.952386468953,5
710,0.00146411465754,0.98146681451,0.924235403151,5
711,0.0636895691768,0.897592269919,0.817075996293,5
712,0.132503161932,0.816489782987,0.765060240964,5
713,0.220350760857,0.789482021226,0.803637627433,5
714,0.273059320212,0.806510375416,0.883688600556,5
715,0.280379953456,0.824251544432,0.909754402224,5
716,0.311127812201,0.797243782671,0.896200185357,5
717,0.349926568832,0.735387296056,0.856696014829,5
718,0.396778621593,0.663392998574,0.831441149212,5
719,0.451683970481,0.600823697133,0.818929564411,5
720,0.491215389998,0.565974972279,0.818929564411,5
721,0.545388076001,0.54894661809,0.832483781279,5
722,0.595899845823,0.557421194361,0.869902687674,5
723,0.634699801575,0.583003326469,0.937557924004,5
724,0.6822833181,0.610090289878,0.987488415199,5
725,0.751097270591,0.619277680976,1.0,5
726,0.823572139265,0.636226833518,1.0,5
727,0.845534038996,0.636226833518,0.97578776645,5
728,0.884332795628,0.588547441787,0.859244670992,5
729,0.938506680752,0.53524473309,0.747914735867,5
730,0.95314794724,0.481229209568,0.624189063948,5
731,0.96998480414,0.437113891969,0.488994439296,5
732,0.989751113459,0.383811183273,0.369323447637,5
733,1.0,0.336844606368,0.28093141798,5
734,0.997071746702,0.319103437351,0.216519925857,5
735,0.991946703871,0.283541897671,0.140639481001,5
736,0.626646505447,0.266513543482,0.101135310473,5
737,0.630307421629,0.283383494377,0.0894346617238,5
738,0.579794452687,0.318945034057,0.0894346617238,5
739,0.532942399927,0.336052589894,0.0894346617238,5
740,0.489018600464,0.336052589894,0.0509731232623,5
741,0.453879560894,0.326785997149,0.0125115848007,5
742,0.447291590535,0.326785997149,0.0,5
743,0.408491634783,0.363060351655,0.0125115848007,5
744,0.380673228456,0.399255504514,0.0125115848007,5
745,0.35285482213,0.425550451449,0.0,5
746,0.327964669101,0.443370822113,0.0384615384615,5
747,0.308931022667,0.468952954221,0.145273401298,5
748,0.276720236395,0.50364327578,0.254518072289,5
749,0.243045323473,0.52067162997,0.371987951807,5
750,0.222547550391,0.52067162997,0.464550509731,5
751,0.207906283903,0.52067162997,0.573795180723,5
752,0.160321568258,0.486535719943,0.641334569045,5
753,0.11273781191,0.41763028671,0.666357738647,5
754,0.100292735396,0.313796926976,0.628938832252,5
0,0.00695518379874,0.112418300654,0.543276531129,6
1,0.00540957755358,0.0479302832244,0.506833136494,6
2,0.00540957755358,0.0117647058823,0.506833136494,6
3,0.00540957755358,0.0,0.488611439177,6
4,0.00540957755358,0.0117647058823,0.452336763962,6
5,0.00540957755358,0.0587145969499,0.452336763962,6
6,0.00540957755358,0.133006535948,0.434115066644,6
7,0.00540957755358,0.255991285403,0.415893369327,6
8,0.0548686356212,0.399673202614,0.415893369327,6
9,0.0533230420345,0.498474945534,0.379281255272,6
10,0.102009240017,0.583551198257,0.30352623587,6
11,0.139103106346,0.673529411765,0.285304538552,6
12,0.202472443402,0.779193899782,0.386873629155,6
13,0.234157744851,0.87211328976,0.515606546313,6
14,0.263524022999,0.924945533769,0.614138687363,6
15,0.292116871433,0.948148148148,0.595579551206,6
16,0.342349295923,0.924727668845,0.503121309263,6
17,0.397218501173,0.845424836601,0.390922895225,6
18,0.468315806163,0.809259259259,0.298464653282,6
19,0.477589367683,0.821023965142,0.221191159102,6
20,0.531685143219,0.844444444444,0.184916483887,6
21,0.551004430132,0.893355119826,0.203138181205,6
22,0.5896442698,0.91688453159,0.297114897925,6
23,0.636785507117,0.940305010893,0.393959844778,6
24,0.703246031347,0.964814814815,0.531972330015,6
25,0.73647566054,1.0,0.656149822845,6
26,0.73647566054,1.0,0.618356672853,6
27,0.765069774816,0.947167755991,0.506158258816,6
28,0.795981646551,0.866013071895,0.4698835836,6
29,0.812983176005,0.791612200436,0.451661886283,6
30,0.801390591183,0.731045751634,0.433440188966,6
31,0.744203628474,0.634204793028,0.336426522693,6
32,0.735703496668,0.509912854031,0.174287160452,6
33,0.721019724673,0.397494553377,0.0757550194027,6
34,0.702472601632,0.319281045752,0.0394803441876,6
35,0.704791624933,0.307516339869,0.0,6
36,0.671560729897,0.319281045752,0.0197401720938,6
37,0.641422287877,0.342701525054,0.0379618694112,6
38,0.629829703056,0.366122004357,0.0561835667285,6
39,0.649150255811,0.416993464052,0.0742365446263,6
40,0.659969410918,0.493355119826,0.172768685676,6
41,0.631375296642,0.556862745098,0.316686350599,6
42,0.58500748904,0.592047930283,0.353129745234,6
43,0.543276462198,0.545098039216,0.26067150329,6
44,0.530911713504,0.470588235294,0.139024801755,6
45,0.517774800938,0.408932461874,0.0421798549013,6
46,0.506955645831,0.384531590414,0.0239581575839,6
47,0.520865988112,0.407952069717,0.126877003543,6
48,0.523957175285,0.472549019608,0.314830436983,6
49,0.508501239418,0.534095860566,0.467858950565,6
50,0.524729339157,0.571350762527,0.567909566391,6
51,0.517774800938,0.59477124183,0.6239244137,6
52,0.516229207352,0.59477124183,0.6239244137,6
53,0.518546964811,0.583006535948,0.587649738485,6
54,0.518546964811,0.571350762527,0.531634891176,6
55,0.530911713504,0.559586056645,0.495191496541,6
56,0.540958704739,0.559586056645,0.513075755019,6
57,0.558732398066,0.559586056645,0.570609077105,6
58,0.58500748904,0.571132897603,0.643327146955,6
59,0.605100205668,0.608278867102,0.679770541589,6
60,0.608964822556,0.631699346405,0.679770541589,6
61,0.598917831321,0.620043572985,0.605365277543,6
62,0.608964822556,0.583551198257,0.49147966931,6
63,0.615147196903,0.547385620915,0.436814577358,6
64,0.608964822556,0.522875816993,0.342837860638,6
65,0.629829703056,0.522875816993,0.305044710646,6
66,0.644513475051,0.522875816993,0.323266407964,6
67,0.637557670989,0.534640522876,0.341319385861,6
68,0.627511945597,0.547385620915,0.341319385861,6
69,0.62596635201,0.510239651416,0.323266407964,6
70,0.629829703056,0.486710239651,0.286823013329,6
71,0.631375296642,0.463289760349,0.267082841235,6
72,0.66537835555,0.474945533769,0.267082841235,6
73,0.697835820872,0.533660130719,0.347393284967,6
74,0.720247560801,0.605119825708,0.482368820651,6
75,0.754250619709,0.692156862745,0.576345537371,6
76,0.840803860566,0.768409586057,0.692930656319,6
77,0.893354042515,0.879956427015,0.849164838873,6
78,0.922720320663,0.956318082789,0.947696979922,6
79,0.953632192398,0.979738562091,0.96574995782,6
80,0.972179315439,0.931808278867,0.909735110511,6
81,0.986089657719,0.833986928105,0.833980091108,6
82,0.986089657719,0.744989106754,0.717226252742,6
83,0.986089657719,0.642265795207,0.621731061245,6
84,1.0,0.580610021786,0.583769191834,6
85,0.986089657719,0.544226579521,0.566897249873,6
86,0.993817625653,0.509041394336,0.566897249873,6
87,0.568779389301,0.473965141612,0.549012991395,6
88,0.572642740346,0.427015250545,0.529272819301,6
89,0.574188333933,0.415359477124,0.529272819301,6
90,0.601236854622,0.438779956427,0.605027838704,6
91,0.581144137995,0.485729847495,0.623249536022,6
92,0.572642740346,0.509041394336,0.601990889151,6
93,0.549458836545,0.485729847495,0.583937911254,6
94,0.562597014954,0.474074074074,0.565716213936,6
95,0.552550023719,0.462309368192,0.565716213936,6
96,0.540958704739,0.449564270152,0.565716213936,6
97,0.523957175285,0.42614379085,0.547494516619,6
98,0.503864458658,0.414379084967,0.471739497216,6
99,0.493817467423,0.402614379085,0.356504133626,6
100,0.451314276709,0.402614379085,0.280749114223,6
101,0.418083381673,0.391612200436,0.207693605534,6
102,0.393353884285,0.356427015251,0.169731736123,6
103,0.370169980484,0.344662309368,0.133457060908,6
104,0.318393228249,0.344662309368,0.11523536359,6
105,0.283616739627,0.320261437909,0.097013666273,6
106,0.239566689483,0.308496732026,0.0607389910579,6
107,0.20170027953,0.296732026144,0.0425172937405,6
108,0.166923790907,0.296732026144,0.0425172937405,6
109,0.117465175884,0.322222222222,0.0425172937405,6
110,0.056414229208,0.322222222222,0.0425172937405,6
111,0.0,0.309477124183,0.0425172937405,6
112,0.0,0.237145969499,0.0607389910579,6
113,0.000772784134944,0.187254901961,0.0607389910579,6
114,0.000772784134944,0.150108932462,0.0607389910579,6
115,0.00154558092831,0.11394335512,0.0789606883752,6
116,0.00154558092831,0.090522875817,0.0789606883752,6
117,0.00154558092831,0.090522875817,0.0212586468703,6
118,0.00154558092831,0.114923747277,0.00320566897252,6
119,0.00154558092831,0.161873638344,0.0985321410494,6
120,0.00154558092831,0.245969498911,0.256116078961,6
121,0.0023183903801,0.306535947712,0.397165513751,6
122,0.0023183903801,0.379956427015,0.518306057027,6
123,0.0023183903801,0.431699346405,0.610764298971,6
124,0.0023183903801,0.478649237473,0.665260671503,6
125,0.0432766837207,0.51394335512,0.703222540914,6
126,0.0023183903801,0.53834422658,0.739665935549,6
127,0.00386397130842,0.561764705882,0.739665935549,6
128,0.0463678708942,0.585294117647,0.739665935549,6
129,0.0455950741008,0.60871459695,0.760755863,6
130,0.0455950741008,0.60871459695,0.742702885102,6
131,0.0347759189937,0.595098039216,0.704741015691,6
132,0.0440494805141,0.559803921569,0.683482368821,6
133,0.0556414324146,0.559803921569,0.719925763455,6
134,0.0656877907284,0.606862745098,0.75620043867,6
135,0.0788253362157,0.6674291939,0.795680782858,6
136,0.0996908496366,0.714379084967,0.813902480175,6
137,0.125193270402,0.762309368192,0.832124177493,6
138,0.221019566443,0.785838779956,0.850177155391,6
139,0.233384315137,0.797603485839,0.846802766998,6
140,0.271251990933,0.763071895425,0.809009617007,6
141,0.297527081907,0.702505446623,0.809009617007,6
142,0.345440483096,0.65348583878,0.845284292222,6
143,0.374034597372,0.65348583878,0.921039311625,6
144,0.397990665045,0.689760348584,1.0,6
145,0.404173039392,0.701416122004,0.955964231483,6
146,0.437403934428,0.676034858388,0.819638940442,6
147,0.486862929204,0.639869281046,0.763455373714,6
148,0.49999984177,0.639869281046,0.763455373714,6
149,0.517774800938,0.639869281046,0.710140037118,6
150,0.544822055785,0.617102396514,0.672178167707,6
151,0.57573392752,0.604357298475,0.635734773072,6
152,0.599691261035,0.592592592593,0.635734773072,6
153,0.615919360775,0.579956427015,0.635734773072,6
154,0.627511945597,0.568191721133,0.58123840054,6
155,0.631375296642,0.54477124183,0.543445250548,6
156,0.631375296642,0.491938997821,0.485743209043,6
157,0.639103264576,0.455773420479,0.408469714864,6
158,0.625192922295,0.406862745098,0.353973342332,6
159,0.541730868612,0.370697167756,0.261515100388,6
160,0.268932967631,0.319825708061,0.205500253079,6
161,0.267387374045,0.283660130719,0.169056858444,6
162,0.271251990933,0.283660130719,0.169056858444,6
163,0.253477031764,0.283660130719,0.231145604859,6
164,0.224110753616,0.296078431373,0.352117428716,6
165,0.194744475468,0.296078431373,0.406613801249,6
166,0.174651758841,0.296078431373,0.443057195883,6
167,0.156878065514,0.296078431373,0.443057195883,6
168,0.136012425509,0.296078431373,0.443057195883,6
169,0.123647676815,0.307843137255,0.462628648557,6
170,0.0826893201825,0.307843137255,0.462628648557,6
171,0.0463678708942,0.296078431373,0.403576851696,6
172,0.00386397130842,0.27265795207,0.312637084528,6
173,0.00386397130842,0.249128540305,0.27332545976,6
174,0.00386397130842,0.237472766885,0.27332545976,6
175,0.00386397130842,0.252069716776,0.27332545976,6
176,0.00386397130842,0.227668845316,0.253585287667,6
177,0.00386397130842,0.227668845316,0.236544626286,6
178,0.00386397130842,0.21568627451,0.236544626286,6
179,0.00386397130842,0.203921568627,0.182048253754,6
180,0.00386397130842,0.168736383442,0.163826556437,6
181,0.00386397130842,0.15697167756,0.200101231652,6
182,0.00386397130842,0.145315904139,0.254766323604,6
183,0.00386397130842,0.169716775599,0.32900286823,6
184,0.00386397130842,0.206862745098,0.383499240763,6
185,0.00386397130842,0.219607843137,0.419942635397,6
186,0.00386397130842,0.219825708061,0.400539902143,6
187,0.00386397130842,0.208061002179,0.400539902143,6
188,0.00386397130842,0.219607843137,0.40172093808,6
189,0.00386397130842,0.244989106754,0.419942635397,6
190,0.00386397130842,0.279411764706,0.436983296777,6
191,0.00386397130842,0.302941176471,0.436983296777,6
192,0.00386397130842,0.302941176471,0.436983296777,6
193,0.00309118717347,0.291176470588,0.41876159946,6
194,0.00309118717347,0.279411764706,0.341488105281,6
195,0.00309118717347,0.267755991285,0.250548338114,6
196,0.00309118717347,0.255991285403,0.232326640796,6
197,0.00309118717347,0.2325708061,0.232326640796,6
198,0.00309118717347,0.220806100218,0.286823013329,6
199,0.00309118717347,0.2325708061,0.341488105281,6
200,0.00309118717347,0.2325708061,0.382318204825,6
201,0.0023183903801,0.244226579521,0.382318204825,6
202,0.0023183903801,0.257952069717,0.326303357516,6
203,0.0023183903801,0.269716775599,0.308081660199,6
204,0.0023183903801,0.293137254902,0.344525054834,6
205,0.0023183903801,0.293137254902,0.403239412856,6
206,0.0023183903801,0.293137254902,0.420280074237,6
207,0.0023183903801,0.293137254902,0.420280074237,6
208,0.0023183903801,0.293137254902,0.420280074237,6
209,0.0023183903801,0.281481481481,0.420280074237,6
210,0.0023183903801,0.281481481481,0.438501771554,6
211,0.0023183903801,0.281481481481,0.456554749452,6
212,0.0023183903801,0.306862745098,0.456554749452,6
213,0.0023183903801,0.342047930283,0.400539902143,6
214,0.0023183903801,0.342047930283,0.344525054834,6
215,0.0023183903801,0.342047930283,0.308081660199,6
216,0.0023183903801,0.31568627451,0.270288510208,6
217,0.0023183903801,0.303921568627,0.250548338114,6
218,0.0023183903801,0.280501089325,0.250548338114,6
219,0.0023183903801,0.244335511983,0.212586468703,6
220,0.0023183903801,0.2325708061,0.23080816602,6
221,0.0023183903801,0.257952069717,0.308081660199,6
222,0.0023183903801,0.293246187364,0.362746752151,6
223,0.0023183903801,0.344989106754,0.399021427366,6
224,0.0023183903801,0.356753812636,0.399021427366,6
225,0.0023183903801,0.356753812636,0.435464822001,6
226,0.0023183903801,0.394880174292,0.471739497216,6
227,0.0023183903801,0.406644880174,0.453517799899,6
228,0.0023183903801,0.406644880174,0.417243124684,6
229,0.0023183903801,0.381154684096,0.399021427366,6
230,0.00154558092831,0.381154684096,0.399021427366,6
231,0.00154558092831,0.381154684096,0.435464822001,6
232,0.00154558092831,0.381154684096,0.456554749452,6
233,0.00154558092831,0.381154684096,0.456554749452,6
234,0.00154558092831,0.381154684096,0.456554749452,6
235,0.00154558092831,0.381154684096,0.435464822001,6
236,0.00154558092831,0.381154684096,0.435464822001,6
237,0.00154558092831,0.381154684096,0.453517799899,6
238,0.00154558092831,0.381154684096,0.473257971993,6
239,0.00154558092831,0.394880174292,0.49147966931,6
240,0.00154558092831,0.408605664488,0.552049940948,6
241,0.00154558092831,0.408605664488,0.570271638266,6
242,0.00154558092831,0.384095860566,0.588493335583,6
243,0.00154558092831,0.359694989107,0.588493335583,6
244,0.00154558092831,0.347930283224,0.6067150329,6
245,0.000772784134944,0.347930283224,0.588493335583,6
246,0.000772784134944,0.371350762527,0.6067150329,6
247,0.000772784134944,0.395860566449,0.647545132445,6
248,0.000772784134944,0.395860566449,0.665766829762,6
249,0.000772784134944,0.395860566449,0.612788932006,6
250,0.000772784134944,0.407625272331,0.571790113042,6
251,0.000772784134944,0.419281045752,0.552049940948,6
252,0.000772784134944,0.431045751634,0.533828243631,6
253,0.0,0.442810457516,0.533828243631,6
254,0.0,0.442810457516,0.573308587818,6
255,0.0,0.431045751634,0.629323435127,6
256,0.0,0.431045751634,0.6067150329,6
257,0.0,0.419281045752,0.552049940948,6
258,0.0,0.419281045752,0.511219841404,6
259,0.0618238067616,0.433006535948,0.492998144086,6
